step	time	T	Ekin	chem_fpl_reaction_1	dyn_angles_0	dyn_bonds_0	dyn_dihedrals_0	lj-tab	tab-dynamic_0	cr_3	count_0	Fmax
0	0	2.66784	16007	0	5087.16	4467.66	0	25800.8	0	0	0	0
1000	1	4.46607	26796.4	0	5183.98	4505.46	0	25335.2	0	0	0	7802.65
2000	2	4.43973	26638.4	0	4933.33	4333.35	0	25919.5	0	0	0	8244.47
3000	3	4.41917	26515	0	5366.86	4546.6	0	25529.2	0	0	0	7460.27
4000	4	4.48118	26887.1	0	5036.76	4188.68	0	25983.6	0	0	0	8492.38
5000	5	4.49233	26954	0	5241.62	4655.06	0	25767.5	0	0	0	7574.27
6000	6	4.35958	26157.5	0	5083.79	4510.75	0	25564.8	0	0	0	7457.55
7000	7	4.44036	26642.1	0	5017.42	4382.33	0	25330.1	0	0	0	8220.71
8000	8	4.46505	26790.3	0	5183.19	4709.35	0	25693.8	0	0	0	7744.53
9000	9	4.45715	26742.9	0	5194.64	4401.88	0	25589.2	0	0	0	8307.72
10000	10	4.34807	26088.4	0	5400.71	4410.43	0	25322.2	0	0	0	7712.67
11000	11	4.42771	26566.3	0	5376.16	4235.48	0	25720.2	0	0	0	7712.86
12000	12	4.48428	26905.7	0	5236.81	4418.15	0	25688.8	0	0	0	7867.76
13000	13	4.3965	26379	0	5411.75	4439.5	0	25777.9	0	0	0	7965.02
14000	14	4.37378	26242.7	0	5404.7	4545.87	0	25500.1	0	0	0	8071.65
15000	15	4.35183	26111	0	4820.64	4643.06	0	25887.7	0	0	0	8300.25
16000	16	4.35478	26128.7	0	4971.67	4426.31	0	25723.1	0	0	0	8145.03
17000	17	4.37387	26243.2	0	5214.2	4283.01	0	25496.4	0	0	0	7548.31
18000	18	4.34157	26049.4	0	5122.16	4523.61	0	25873.5	0	0	0	8292.44
19000	19	4.36373	26182.4	0	5343.28	4325.45	0	25829.1	0	0	0	8567.88
20000	20	4.5189	27113.4	0	5308.41	4450.38	0	25659.7	0	0	0	8223.95
21000	21	4.42523	26551.4	0	5330.91	4454.32	0	25893.1	0	0	0	7758.03
22000	22	4.40235	26414.1	0	5024.95	4300.82	0	25425.8	0	0	0	8007.3
23000	23	4.4386	26631.6	0	5320.52	4515.4	0	25752.3	0	0	0	7873.65
24000	24	4.41638	26498.3	0	5375.09	4624.54	0	25775.2	0	0	0	7529.56
25000	25	4.48441	26906.5	0	5205.68	4347.3	0	26058.2	0	0	0	9357.97
26000	26	4.4706	26823.6	0	5114.44	4334.07	0	25991.9	0	0	0	7707.7
27000	27	4.38137	26288.2	0	5538.71	4222.97	0	25542.9	0	0	0	8321.19
28000	28	4.41237	26474.2	0	5401.8	4389.24	0	25939.6	0	0	0	7431.35
29000	29	4.42218	26533.1	0	5199.24	4265.68	0	25461.4	0	0	0	8024.53
30000	30	4.41633	26498	0	4845.49	4382.09	0	25372.2	0	0	0	8047.19
31000	31	4.36248	26174.9	0	5111.59	4507.91	0	25577.7	0	0	0	8209.28
32000	32	4.38269	26296.1	0	5346.62	4538.95	0	25868	0	0	0	7690.95
33000	33	4.45612	26736.7	0	5440.91	4414.32	0	25505.8	0	0	0	8126.93
34000	34	4.37326	26239.6	0	5347.96	4290.92	0	25332.5	0	0	0	7742.14
35000	35	4.48464	26907.8	0	5315.92	4314.2	0	25824.6	0	0	0	7346.06
36000	36	4.41082	26464.9	0	5318.84	4486.92	0	25752.8	0	0	0	7665.51
37000	37	4.39989	26399.3	0	5271.95	4299.61	0	25344.9	0	0	0	8041.81
38000	38	4.41956	26517.4	0	5107.08	4257.55	0	25427.8	0	0	0	7941.86
39000	39	4.53015	27180.9	0	5284.36	4276.43	0	25333.6	0	0	0	8682.28
40000	40	4.40799	26447.9	0	5350.61	4685.45	0	26025.7	0	0	0	8134.38
41000	41	4.3347	26008.2	0	5237.82	4713.71	0	25680.9	0	0	0	7897.73
42000	42	4.55508	27330.5	0	5134.41	4612.35	0	25376.7	0	0	0	7638.58
43000	43	4.43004	26580.2	0	5195.22	4354.03	0	25144.2	0	0	0	7480.36
44000	44	4.43336	26600.1	0	5122.91	4320.02	0	25576.9	0	0	0	7734.02
45000	45	4.47841	26870.5	0	5248.61	4458.15	0	25607.7	0	0	0	8289.65
46000	46	4.34981	26098.8	0	4907.27	4340.47	0	25619.1	0	0	0	7599.3
47000	47	4.37618	26257.1	0	5037.56	4507.81	0	25574.3	0	0	0	8159.22
48000	48	4.48161	26889.7	0	5205.73	4476.15	0	25412.6	0	0	0	7564.39
49000	49	4.49633	26978	0	5020.89	4470.81	0	25495.7	0	0	0	7452.56
50000	50	4.43015	26580.9	0	5218.59	4506.07	0	25385.5	0	0	0	7810.75
51000	51	4.43722	26623.3	0	5059.77	4566.2	0	25522.7	0	0	0	8106.51
52000	52	4.51082	27064.9	0	5217.01	4502.6	0	25357.3	0	0	0	7820.72
53000	53	4.45044	26702.6	0	5182.04	4316.89	0	25364.7	0	0	0	7791.74
54000	54	4.48847	26930.8	0	5402.24	4408.9	0	25636.5	0	0	0	7739.63
55000	55	4.42288	26537.3	0	5200.46	4691.1	0	25377.5	0	0	0	7909.06
56000	56	4.46952	26817.1	0	5103.69	4455.72	0	25442.6	0	0	0	8773.14
57000	57	4.25731	25543.9	0	5091.01	4529.87	0	25523.3	0	0	0	8029.68
58000	58	4.34208	26052.5	0	5414.5	4391.7	0	25302	0	0	0	8134.98
59000	59	4.5886	27531.6	0	5686.89	4554.61	0	25519	0	0	0	8016.87
60000	60	4.46847	26810.8	0	5082.45	4189.02	0	25245.1	0	0	0	8211.36
61000	61	4.53362	27201.7	0	5309.35	4573.51	0	25267.1	0	0	0	7641.37
62000	62	4.48661	26919.7	0	5274.38	4530.25	0	25851	0	0	0	7933.07
63000	63	4.44096	26645.8	0	5169.3	4377.45	0	25598.5	0	0	0	7977.25
64000	64	4.47349	26841	0	5063.85	4562.22	0	25781.9	0	0	0	7747.48
65000	65	4.5683	27409.8	0	5283.92	4304.81	0	25997.3	0	0	0	7638.69
66000	66	4.38819	26329.2	0	5125.22	4684.71	0	25469.6	0	0	0	7776.73
67000	67	4.45402	26724.1	0	5635.75	4631.56	0	25443.2	0	0	0	7767.23
68000	68	4.50113	27006.8	0	5197.65	4456.99	0	25591	0	0	0	10642
69000	69	4.41827	26509.6	0	4983.8	4510.67	0	25833.3	0	0	0	7353.17
70000	70	4.52553	27153.2	0	5379.08	4195.75	0	25715.4	0	0	0	8263.71
71000	71	4.46247	26774.8	0	5409.53	4461.91	0	25361.7	0	0	0	7620.19
72000	72	4.41689	26501.3	0	5101.21	4266.59	0	25790.8	0	0	0	7758.67
73000	73	4.34019	26041.1	0	5544.14	4089.19	0	25496.5	0	0	0	7567.33
74000	74	4.44901	26694.1	0	5428.84	4338.34	0	25481.2	0	0	0	7788.9
75000	75	4.48106	26886.4	0	5171.54	4555.04	0	25980.2	0	0	0	7874.57
76000	76	4.38581	26314.8	0	5178.85	4316.37	0	25867.4	0	0	0	7686.22
77000	77	4.38926	26335.6	0	5169.19	4353.4	0	25821.3	0	0	0	8016.98
78000	78	4.38989	26339.3	0	5403.07	4416.88	0	25603.1	0	0	0	8092.27
79000	79	4.36431	26185.8	0	4949.13	4465.01	0	26247.6	0	0	0	8210.12
80000	80	4.45229	26713.8	0	4954.57	4452.3	0	25917.3	0	0	0	7559.18
81000	81	4.37641	26258.5	0	5521.54	4301.36	0	25846.9	0	0	0	7835.54
82000	82	4.53008	27180.5	0	5025.11	4326.02	0	25776.6	0	0	0	7736.7
83000	83	4.45662	26739.7	0	5163.46	4257.67	0	25979.7	0	0	0	7744.53
84000	84	4.41324	26479.4	0	5338.81	4381.4	0	25464.6	0	0	0	7584.99
85000	85	4.46193	26771.6	0	5296.57	4666.92	0	25611.8	0	0	0	7947.4
86000	86	4.58224	27493.5	0	5175.71	4258.22	0	26085.3	0	0	0	9675.11
87000	87	4.53948	27236.9	0	5122.96	4345.24	0	25920.8	0	0	0	7792.68
88000	88	4.42654	26559.2	0	5232.79	4371.33	0	26010.3	0	0	0	7795.66
89000	89	4.41443	26486.6	0	5284.33	4518.5	0	25758.6	0	0	0	7528.54
90000	90	4.43268	26596.1	0	5345.81	4533.58	0	25501.5	0	0	0	7524.81
91000	91	4.47649	26858.9	0	5299.75	4374.33	0	25252.4	0	0	0	7995.11
92000	92	4.42411	26544.7	0	5016.43	4420.35	0	25145.1	0	0	0	7703.69
93000	93	4.36436	26186.2	0	5051.9	4354.29	0	25376.7	0	0	0	8138.62
94000	94	4.42124	26527.4	0	5374.22	4193.51	0	25424.7	0	0	0	8009.14
95000	95	4.45132	26707.9	0	5371.48	4352.41	0	25749.2	0	0	0	8247.54
96000	96	4.44605	26676.3	0	5169.3	4223.64	0	25324.7	0	0	0	8074.46
97000	97	4.30723	25843.4	0	5108.51	4395.34	0	25408	0	0	0	8191.43
98000	98	4.4877	26926.2	0	5147.41	4370.52	0	26059.9	0	0	0	8331.74
99000	99	4.46225	26773.5	0	5197.27	4520.19	0	25549.3	0	0	0	7834.01
100000	100	4.50612	27036.7	0	5206.01	4608.9	0	25495.8	0	0	0	7502.56
101000	101	4.47341	26840.5	0	5070.95	4279.39	0	25639.6	0	0	0	7573.99
102000	102	4.38963	26337.8	0	5019.04	4526.99	0	25449	0	0	0	8037.83
103000	103	4.42519	26551.1	0	5168.61	4896.85	0	25135.4	0	0	0	8177.13
104000	104	4.46534	26792	0	5377.49	4270.61	0	25752.4	0	0	0	7662.88
105000	105	4.44221	26653.2	0	4923.26	4455.27	0	25418	0	0	0	7726.71
106000	106	4.46582	26794.9	0	5149.6	4415.96	0	25508	0	0	0	8230.01
107000	107	4.50014	27000.8	0	5140.01	4375.18	0	25296.9	0	0	0	7821.97
108000	108	4.46747	26804.8	0	5106.91	4574.69	0	25072.7	0	0	0	7855.42
109000	109	4.4191	26514.6	0	4877.23	4724.7	0	25238.7	0	0	0	7762.94
110000	110	4.48483	26909	0	5072.24	4400.52	0	25513.1	0	0	0	7988.47
111000	111	4.39483	26369	0	4989.43	4442.05	0	25577.7	0	0	0	10030.5
112000	112	4.47451	26847.1	0	5124.71	4414.91	0	25482.5	0	0	0	8023.89
113000	113	4.49041	26942.5	0	4846.07	4392.35	0	25324.3	0	0	0	7599.81
114000	114	4.41206	26472.4	0	5203.27	4191.95	0	25270.8	0	0	0	7716.68
115000	115	4.41947	26516.8	0	5020.31	4270.6	0	25594.9	0	0	0	7976.97
116000	116	4.4605	26763	0	5253.04	4563.8	0	25714.2	0	0	0	8809.29
117000	117	4.41744	26504.6	0	5161.59	4259.72	0	25665.8	0	0	0	8072.29
118000	118	4.45652	26739.1	0	5328.02	4629.56	0	25644	0	0	0	8249.02
119000	119	4.48074	26884.4	0	5218.51	4320.31	0	25460	0	0	0	8038.52
120000	120	4.43381	26602.8	0	5073.32	4563.11	0	25125.4	0	0	0	7605.93
121000	121	4.50928	27055.7	0	5196.98	4367.1	0	25286.4	0	0	0	8146.31
122000	122	4.54902	27294.1	0	5086.28	4360.77	0	25872.1	0	0	0	7353.82
123000	123	4.43902	26634.1	0	5183.92	4455	0	25697.7	0	0	0	8368.78
124000	124	4.4336	26601.6	0	5199.06	4275.82	0	25460.3	0	0	0	8092.13
125000	125	4.57747	27464.8	0	5267.83	4487.38	0	25560.2	0	0	0	7707.75
126000	126	4.2641	25584.6	0	5482.78	4378.72	0	25457.4	0	0	0	7738.89
127000	127	4.41645	26498.7	0	5254.69	4456.78	0	25956.4	0	0	0	7757.51
128000	128	4.46373	26782.4	0	5339.86	4468.13	0	25338.1	0	0	0	7498.06
129000	129	4.48329	26899.7	0	5391.03	4627.63	0	25579.2	0	0	0	7893.3
130000	130	4.48892	26933.5	0	5359.2	4438.02	0	25650.1	0	0	0	7960.74
131000	131	4.4515	26709	0	5105.7	4569.91	0	25953	0	0	0	7737.89
132000	132	4.52522	27151.3	0	5225.15	4418.91	0	25540.8	0	0	0	8353.81
133000	133	4.43352	26601.1	0	5367.51	4261.25	0	25454.1	0	0	0	7779.36
134000	134	4.49167	26950	0	4927.72	4734.17	0	25835.3	0	0	0	7478.37
135000	135	4.3657	26194.2	0	5304.32	4253.96	0	25782.3	0	0	0	8021.22
136000	136	4.53703	27222.2	0	5390.34	4269.82	0	25520.3	0	0	0	8065.49
137000	137	4.42063	26523.8	0	5386.49	4508.09	0	25300.4	0	0	0	8187.44
138000	138	4.49215	26952.9	0	5302.26	4392.82	0	25090.9	0	0	0	7918.65
139000	139	4.52921	27175.2	0	5263.65	4263.32	0	26143.7	0	0	0	7823.98
140000	140	4.51327	27079.6	0	5177.6	4304.5	0	25707.1	0	0	0	7818
141000	141	4.42672	26560.3	0	5285.86	4377.2	0	25390.1	0	0	0	7653.66
142000	142	4.35659	26139.5	0	5446.77	4563.71	0	25811.1	0	0	0	7595.1
143000	143	4.4068	26440.8	0	5169.64	4282.8	0	25365.8	0	0	0	8255.29
144000	144	4.46578	26794.7	0	5447.07	4344.02	0	25652	0	0	0	7395.88
145000	145	4.39301	26358.1	0	5072.86	4398.38	0	25695.7	0	0	0	7646.43
146000	146	4.46565	26793.9	0	5332.99	4339.5	0	25628	0	0	0	7935.86
147000	147	4.38229	26293.8	0	4837.87	4397.08	0	25618.5	0	0	0	8039.86
148000	148	4.35175	26110.5	0	5361.46	4259.08	0	25477.3	0	0	0	8607.75
149000	149	4.41199	26472	0	5377.34	4104.55	0	25530.6	0	0	0	8122.7
150000	150	4.50764	27045.9	0	5609.95	4179.66	0	25782.7	0	0	0	7456.68
151000	151	4.49078	26944.7	0	5046.4	4556.17	0	25601.8	0	0	0	7728.67
152000	152	4.42112	26526.7	0	5108.48	4525.84	0	25034.2	0	0	0	7695.54
153000	153	4.44914	26694.8	0	5482.29	4268.47	0	25536.3	0	0	0	7982.58
154000	154	4.399	26394	0	5316.24	4759.82	0	25170.6	0	0	0	8054.29
155000	155	4.37542	26252.5	0	5360.1	4523.36	0	25876.7	0	0	0	7746.95
156000	156	4.39271	26356.3	0	4984.03	4507.72	0	25661	0	0	0	8238.03
157000	157	4.39772	26386.3	0	5008.98	4369.99	0	25885	0	0	0	7627.24
158000	158	4.45314	26718.8	0	5248.09	4121.13	0	25494.4	0	0	0	8095.87
159000	159	4.5392	27235.2	0	4914.82	4362.49	0	25331.6	0	0	0	7610.33
160000	160	4.39234	26354.1	0	5437.39	4509.31	0	25082.8	0	0	0	7831.99
161000	161	4.45199	26711.9	0	5281.59	4180.19	0	25564.2	0	0	0	8103.22
162000	162	4.38909	26334.5	0	5196.83	4343.28	0	25686.9	0	0	0	7422.59
163000	163	4.39543	26372.6	0	5364.09	4645.28	0	25431	0	0	0	8661
164000	164	4.33881	26032.9	0	4962.19	4639.56	0	25434.1	0	0	0	7719.01
165000	165	4.4512	26707.2	0	5326.49	4532.51	0	25194.8	0	0	0	7784.09
166000	166	4.39278	26356.7	0	4996.58	4592.16	0	25693.8	0	0	0	8021
167000	167	4.33809	26028.6	0	5169.01	4387.72	0	25602	0	0	0	7577.59
168000	168	4.43238	26594.3	0	5175.23	4439.2	0	25940.8	0	0	0	7561.56
169000	169	4.48825	26929.5	0	5248.27	4414.93	0	25682.5	0	0	0	7448.03
170000	170	4.41867	26512	0	5109.84	4229.3	0	25680.6	0	0	0	7608.91
171000	171	4.46591	26795.4	0	5251.6	4490.97	0	25395.5	0	0	0	7975.1
172000	172	4.42826	26569.5	0	5168.19	4449.54	0	25956.6	0	0	0	8029.25
173000	173	4.4995	26997	0	5553.08	4369.91	0	25812.6	0	0	0	7637.04
174000	174	4.48152	26889.1	0	5268.82	4460.09	0	25623.2	0	0	0	7338.26
175000	175	4.29546	25772.7	0	5314.66	4634.91	0	25384.9	0	0	0	7902.4
176000	176	4.38175	26290.5	0	5284.68	4664.87	0	25158	0	0	0	8046.57
177000	177	4.32157	25929.4	0	4995.31	4512.71	0	25399.9	0	0	0	9546.49
178000	178	4.50574	27034.4	0	5371.22	4608.66	0	25585.5	0	0	0	7676.26
179000	179	4.46209	26772.5	0	5023.39	4331.8	0	25918.8	0	0	0	8145.95
180000	180	4.22802	25368.1	0	5199.83	4649.01	0	25707.7	0	0	0	7784.28
181000	181	4.48283	26897	0	5233.9	4444.75	0	25588.4	0	0	0	7499.06
182000	182	4.39454	26367.2	0	5221.87	4475.03	0	25733.8	0	0	0	8202.99
183000	183	4.46327	26779.6	0	5229.68	4388.5	0	25577.1	0	0	0	8027.8
184000	184	4.36671	26200.3	0	5087.31	4316.33	0	25699.6	0	0	0	7339.67
185000	185	4.425	26550	0	4961.78	4421.77	0	25215.6	0	0	0	8049.46
186000	186	4.57577	27454.6	0	5166.97	4560.93	0	25350.3	0	0	0	7850.17
187000	187	4.29309	25758.5	0	5634	4423.84	0	25079.7	0	0	0	7664.35
188000	188	4.42056	26523.4	0	5134.76	4465	0	25452.9	0	0	0	7845.73
189000	189	4.45784	26747.1	0	5082.82	4256.25	0	25548.2	0	0	0	7579.05
190000	190	4.38547	26312.8	0	5228.95	4620.53	0	25248.4	0	0	0	7611.79
191000	191	4.47709	26862.5	0	5305.05	4489.4	0	25521.6	0	0	0	7529.06
192000	192	4.33098	25985.9	0	5390.36	4718.8	0	25531.3	0	0	0	7993.44
193000	193	4.49873	26992.4	0	4904.88	4612.23	0	25470	0	0	0	7798.59
194000	194	4.42037	26522.2	0	5377.7	4508.99	0	25659.5	0	0	0	7624.16
195000	195	4.39114	26346.9	0	5196.82	4735.96	0	26052.1	0	0	0	8298.71
196000	196	4.27376	25642.6	0	5011.09	4329.28	0	25608	0	0	0	7603.69
197000	197	4.53383	27203	0	5019.47	4432.51	0	25587.6	0	0	0	8191.61
198000	198	4.40419	26425.1	0	5255.91	4419.06	0	25260.8	0	0	0	8426.11
199000	199	4.45192	26711.5	0	5165.27	4298.99	0	25506.2	0	0	0	7839.56
200000	200	4.49472	26968.3	0	5233.11	4351.78	0	25710.5	0	0	0	7899.41
201000	201	4.44547	26672.8	0	5257.12	4802.08	0	25772.2	0	0	0	7860.66
202000	202	4.4779	26867.4	0	5109.16	4264.57	0	25320.1	0	0	0	8050.95
203000	203	4.56308	27378.5	0	5228.89	4393.88	0	25549.1	0	0	0	7854.97
204000	204	4.51884	27113	0	5099.86	4621.78	0	25426.1	0	0	0	7375.36
205000	205	4.44965	26697.9	0	5100.34	4386.54	0	25750.5	0	0	0	7576.89
206000	206	4.46081	26764.8	0	5355.13	4469.01	0	26081	0	0	0	7713.05
207000	207	4.49439	26966.3	0	5153.2	4385.08	0	26366.9	0	0	0	7933.66
208000	208	4.44866	26692	0	5065.54	4409.16	0	25741.6	0	0	0	7719.1
209000	209	4.52451	27147.1	0	5252.42	4753.24	0	25757.8	0	0	0	7825.92
210000	210	4.42462	26547.7	0	5177.01	4516.53	0	25532.5	0	0	0	7847.8
211000	211	4.39729	26383.7	0	5125.49	4633.84	0	25346.8	0	0	0	7510.7
212000	212	4.35142	26108.5	0	5415.93	4415.75	0	26006.2	0	0	0	7601.07
213000	213	4.43213	26592.8	0	5422.46	4619.04	0	25627	0	0	0	7504.74
214000	214	4.43822	26629.3	0	5179.32	4233.52	0	25839	0	0	0	7631.28
215000	215	4.47389	26843.3	0	4954.31	4658.74	0	26078.1	0	0	0	7814.68
216000	216	4.42882	26572.9	0	5186.69	4405.67	0	26155.6	0	0	0	8010.63
217000	217	4.40659	26439.5	0	5266.58	4549.58	0	25831	0	0	0	8163.21
218000	218	4.41664	26499.8	0	5131.91	4272.75	0	25385.6	0	0	0	7581.01
219000	219	4.45633	26738	0	5263.72	4493.42	0	25244.6	0	0	0	7645.68
220000	220	4.41294	26477.6	0	5107.59	4527.97	0	25896.5	0	0	0	8441.45
221000	221	4.44812	26688.7	0	5191.9	4215.61	0	25488.4	0	0	0	7570.74
222000	222	4.31181	25870.9	0	5340.12	4051.41	0	25190.7	0	0	0	7870.16
223000	223	4.43714	26622.8	0	5529.84	4317.55	0	25156.2	0	0	0	9032
224000	224	4.40693	26441.6	0	5295.26	4437.69	0	25421	0	0	0	7836.08
225000	225	4.46464	26787.8	0	5240.26	4384.57	0	25646.8	0	0	0	7773.3
226000	226	4.38269	26296.1	0	5123.24	4552.44	0	25456	0	0	0	7803.71
227000	227	4.41284	26477.1	0	5109.98	4481.06	0	25417.1	0	0	0	7833.13
228000	228	4.5121	27072.6	0	5142.89	4678.65	0	25380.2	0	0	0	8339.14
229000	229	4.48155	26889.3	0	5373.32	4580.16	0	25581.3	0	0	0	7999.16
230000	230	4.45432	26725.9	0	5239.83	4350.69	0	25904.4	0	0	0	8121
231000	231	4.38232	26293.9	0	5377.29	4818.44	0	25893.6	0	0	0	7715.95
232000	232	4.4745	26847	0	5122.49	4259.26	0	25473.7	0	0	0	8029.98
233000	233	4.47026	26821.6	0	5334.09	4461.01	0	25800.8	0	0	0	8054.91
234000	234	4.5188	27112.8	0	4952.38	4486.7	0	25439.2	0	0	0	8135.26
235000	235	4.41275	26476.5	0	5380.29	4471.27	0	25429.7	0	0	0	7806.83
236000	236	4.37744	26264.7	0	5283.09	4548.39	0	25548.5	0	0	0	8062.85
237000	237	4.43341	26600.4	0	4963.45	4564.87	0	25937	0	0	0	7794.81
238000	238	4.43748	26624.9	0	5242.63	4507.57	0	25458.4	0	0	0	8250.32
239000	239	4.44138	26648.3	0	5102.29	4498.86	0	25652.9	0	0	0	7714.76
240000	240	4.52492	27149.5	0	5039.66	4463.16	0	25696.7	0	0	0	7802.65
241000	241	4.37123	26227.4	0	5272.02	4389.76	0	25350.2	0	0	0	8009.85
242000	242	4.47404	26844.3	0	5168.91	4252.67	0	25510.1	0	0	0	7909.12
243000	243	4.43397	26603.8	0	4929.75	4381.08	0	25859.9	0	0	0	7714.91
244000	244	4.38135	26288.1	0	5161.11	4478.77	0	25596.8	0	0	0	7647.63
245000	245	4.50469	27028.2	0	5363.08	4316.33	0	25302.1	0	0	0	7621.21
246000	246	4.46312	26778.7	0	5245.55	4556.69	0	25462.6	0	0	0	8043.08
247000	247	4.33479	26008.7	0	5485.31	4471.23	0	25601.6	0	0	0	7597.75
248000	248	4.38942	26336.5	0	5070.55	4249.93	0	25243.7	0	0	0	7737.21
249000	249	4.40228	26413.7	0	5070.02	4336.87	0	25348.5	0	0	0	7869.7
250000	250	4.42474	26548.5	0	5116.14	4402.69	0	25074.8	0	0	0	7699.47
251000	251	4.55185	27311.1	0	5232.72	4311.42	0	25944.5	0	0	0	7983.03
252000	252	4.42967	26578	0	5509.37	4415.64	0	25528.9	0	0	0	7590.8
253000	253	4.42936	26576.2	0	5447.01	4400.77	0	25827.5	0	0	0	7463.26
254000	254	4.51075	27064.5	0	5157.28	4741.42	0	25931.7	0	0	0	7607.01
255000	255	4.48404	26904.2	0	5280.5	4457.16	0	25945.4	0	0	0	7707.52
256000	256	4.46813	26808.8	0	5087.49	4477.14	0	25432.3	0	0	0	7997.92
257000	257	4.34396	26063.8	0	5171.63	4297.4	0	25487.8	0	0	0	7499.56
258000	258	4.38717	26323	0	5163.29	4735.93	0	25208.3	0	0	0	7772.99
259000	259	4.3821	26292.6	0	5141.44	4403.66	0	25467.4	0	0	0	7581.69
260000	260	4.47802	26868.1	0	5013.51	4356.97	0	25822.8	0	0	0	8236.85
261000	261	4.47107	26826.4	0	5326.28	4310.74	0	25822.2	0	0	0	7869.02
262000	262	4.4989	26993.4	0	5284.84	4382.35	0	25697.6	0	0	0	8119.09
263000	263	4.39342	26360.5	0	5102.79	4567.71	0	25465.6	0	0	0	8131.72
264000	264	4.41915	26514.9	0	5267.96	4260.12	0	25728.3	0	0	0	7872.09
265000	265	4.44914	26694.8	0	4940.21	4188.79	0	25910.1	0	0	0	7795.93
266000	266	4.39744	26384.6	0	4837.69	4530.28	0	25692.9	0	0	0	7931.33
267000	267	4.37298	26237.9	0	5111.39	4544.96	0	26072.6	0	0	0	8007.99
268000	268	4.3725	26235	0	5274.96	4546.77	0	25930.6	0	0	0	7721.67
269000	269	4.43062	26583.7	0	5111.25	4459.5	0	25418.4	0	0	0	7640.79
270000	270	4.37334	26240	0	5094.54	4533.79	0	25748.5	0	0	0	7641.19
271000	271	4.43886	26633.2	0	5062.9	4386.41	0	25812.6	0	0	0	7672.3
272000	272	4.41387	26483.2	0	5266.03	4142.27	0	25423.4	0	0	0	7581.9
273000	273	4.34735	26084.1	0	5338.61	4362.1	0	25360.8	0	0	0	7704.02
274000	274	4.46138	26768.3	0	5463.42	4476.05	0	25293.8	0	0	0	7852.95
275000	275	4.34588	26075.3	0	5056.78	4496.84	0	25455.7	0	0	0	8059.7
276000	276	4.52112	27126.7	0	5049.61	4436.25	0	26255.7	0	0	0	8345.51
277000	277	4.42159	26529.6	0	5237.34	4538.99	0	25174.7	0	0	0	8141.14
278000	278	4.43546	26612.7	0	5053.31	4492.83	0	25404	0	0	0	7860.2
279000	279	4.47742	26864.5	0	5358.78	4533.83	0	25363.7	0	0	0	7543.95
280000	280	4.40698	26441.9	0	5186.81	4358.84	0	25471.6	0	0	0	7903.91
281000	281	4.44875	26692.5	0	5137.61	4372.51	0	25430	0	0	0	7489.99
282000	282	4.45109	26706.5	0	5111.72	4439.06	0	25216.4	0	0	0	8329.49
283000	283	4.4513	26707.8	0	5311.14	4310.07	0	25614.2	0	0	0	7672.72
284000	284	4.35108	26106.5	0	5130.81	4383.58	0	25151.7	0	0	0	7777.2
285000	285	4.50748	27044.9	0	5114.74	4271.02	0	25765.1	0	0	0	7994.85
286000	286	4.37356	26241.4	0	5422.6	4180.04	0	25412.8	0	0	0	7636.33
287000	287	4.46602	26796.1	0	5224.98	4569.81	0	26013.3	0	0	0	7592.4
288000	288	4.45588	26735.3	0	4955.31	4549.72	0	25788.9	0	0	0	7411.82
289000	289	4.38459	26307.6	0	5194.01	4260.84	0	25232.6	0	0	0	7912.56
290000	290	4.39787	26387.2	0	5309.54	4446.08	0	25430.8	0	0	0	8290.87
291000	291	4.38001	26280.1	0	5475.36	4431.92	0	25205.7	0	0	0	7463.31
292000	292	4.51509	27090.5	0	5457.65	4467.27	0	25381.1	0	0	0	7364.93
293000	293	4.28737	25724.2	0	5448.65	4368.22	0	25630	0	0	0	7834.93
294000	294	4.45021	26701.3	0	4934.29	4554.04	0	25799.6	0	0	0	7601.85
295000	295	4.41407	26484.4	0	4995.36	4324.06	0	25574.8	0	0	0	7750.65
296000	296	4.40842	26450.5	0	5171.66	4403.95	0	25850.9	0	0	0	7954.71
297000	297	4.53494	27209.7	0	5186.48	4274.96	0	25680.7	0	0	0	7851.17
298000	298	4.37543	26252.6	0	5177.47	4250.81	0	25757.2	0	0	0	7540.52
299000	299	4.36577	26194.6	0	5094.23	4489.66	0	25553	0	0	0	7466.18
300000	300	4.41949	26517	0	5361.7	4641.07	0	25939.5	0	0	0	7852.45
301000	301	4.38582	26314.9	0	5034.57	4356.1	0	26071.3	0	0	0	8005.22
302000	302	4.40826	26449.6	0	5477.3	4367.33	0	25384.2	0	0	0	7926.46
303000	303	4.4262	26557.2	0	5497.46	4678.82	0	25540.9	0	0	0	7726.88
304000	304	4.52077	27124.6	0	5336.03	4390.76	0	25525.2	0	0	0	7486.62
305000	305	4.49783	26987	0	5435.4	4537.2	0	25708.7	0	0	0	7445.94
306000	306	4.44591	26675.5	0	5176.11	4288.75	0	26221	0	0	0	7680.67
307000	307	4.41709	26502.5	0	5363.07	4438.02	0	25580.1	0	0	0	7940.71
308000	308	4.37821	26269.3	0	5171.23	4514.05	0	25451.4	0	0	0	8264.97
309000	309	4.41488	26489.3	0	5419.27	4555.27	0	25213.3	0	0	0	7708.35
310000	310	4.40715	26442.9	0	5546.47	4459.97	0	25546.6	0	0	0	7524.16
311000	311	4.45728	26743.7	0	4957.48	4410.5	0	25427.6	0	0	0	7570.07
312000	312	4.40214	26412.8	0	4958.1	4340.97	0	25209.5	0	0	0	7484.27
313000	313	4.41272	26476.3	0	5399.11	4632.95	0	25353.3	0	0	0	7800.51
314000	314	4.35692	26141.5	0	5190.41	4189.08	0	25360	0	0	0	7984.31
315000	315	4.42836	26570.2	0	5153.15	4432.29	0	25339.8	0	0	0	7644.57
316000	316	4.54465	27267.9	0	4932.58	4617.18	0	25262.6	0	0	0	7584.72
317000	317	4.34782	26086.9	0	5353.87	4585.46	0	25440	0	0	0	7526.22
318000	318	4.39572	26374.3	0	5368.34	4263.2	0	25774.4	0	0	0	7873.42
319000	319	4.47684	26861	0	5038.55	4503.22	0	25297.9	0	0	0	7554.76
320000	320	4.42397	26543.8	0	5453.39	4463.22	0	25183.7	0	0	0	7690.02
321000	321	4.34677	26080.6	0	5363.21	4481.47	0	25755.9	0	0	0	7362.48
322000	322	4.33407	26004.4	0	5429.93	4546.68	0	25402.3	0	0	0	7852.77
323000	323	4.40548	26432.9	0	5347.17	4177.04	0	25672.8	0	0	0	8168.73
324000	324	4.4042	26425.2	0	5418.09	4418.9	0	25276.6	0	0	0	7571.59
325000	325	4.44105	26646.3	0	5271.15	4287.21	0	25682.8	0	0	0	7741.54
326000	326	4.42699	26561.9	0	5165.22	4320.53	0	24991.1	0	0	0	7672.5
327000	327	4.45004	26700.2	0	4967.61	4394.15	0	25719	0	0	0	8013.5
328000	328	4.45667	26740	0	5241.5	4414.26	0	25523.4	0	0	0	7865.96
329000	329	4.56834	27410	0	5132.95	4202.05	0	25390.1	0	0	0	7391.17
330000	330	4.42844	26570.6	0	5173.26	4306.67	0	25352.4	0	0	0	7927.34
331000	331	4.35919	26155.1	0	5502.87	4403.06	0	25317.1	0	0	0	7916.94
332000	332	4.41686	26501.2	0	5180.21	4411.31	0	25730.3	0	0	0	7619.75
333000	333	4.42403	26544.2	0	5428.73	4373.83	0	25384.5	0	0	0	7615.19
334000	334	4.45291	26717.5	0	4902.1	4463.95	0	25954.4	0	0	0	7701.74
335000	335	4.40735	26444.1	0	5344.53	4563.82	0	26007.1	0	0	0	7728.89
336000	336	4.42044	26522.6	0	5166.71	4452.34	0	25902.8	0	0	0	8067.6
337000	337	4.45932	26755.9	0	5239.44	4369.55	0	25220.6	0	0	0	7460.66
338000	338	4.39598	26375.9	0	5109.33	4402.92	0	25450.4	0	0	0	7993.54
339000	339	4.41953	26517.2	0	5159.13	4746.23	0	25428.6	0	0	0	7761.03
340000	340	4.4641	26784.6	0	5264.49	4513.46	0	25172.8	0	0	0	7807.63
341000	341	4.55601	27336	0	5004.93	4268.51	0	25501.4	0	0	0	7957.37
342000	342	4.51091	27065.5	0	5250.05	4240.23	0	25407.7	0	0	0	7590.01
343000	343	4.53725	27223.5	0	5408.13	4433.79	0	25117.9	0	0	0	7637.78
344000	344	4.36641	26198.5	0	5103.6	4184.45	0	25404.9	0	0	0	7676.17
345000	345	4.41619	26497.2	0	5203.02	4378.17	0	25790.3	0	0	0	8783.19
346000	346	4.40629	26437.7	0	5181.95	4369.72	0	25687	0	0	0	7904.17
347000	347	4.41532	26491.9	0	5002.18	4381.05	0	25498.1	0	0	0	7856.05
348000	348	4.37011	26220.7	0	5099.59	4261.45	0	25271.5	0	0	0	7658.29
349000	349	4.36022	26161.3	0	5468.05	4278.22	0	25494.3	0	0	0	8037.04
350000	350	4.34526	26071.5	0	5179.38	4283.46	0	25531.5	0	0	0	7994.76
351000	351	4.47754	26865.2	0	5228.58	4590.14	0	25575.9	0	0	0	7939.83
352000	352	4.48213	26892.8	0	5156.15	4574.38	0	25418.5	0	0	0	8114.91
353000	353	4.56305	27378.3	0	4990.01	4350.13	0	25681	0	0	0	7531.59
354000	354	4.39273	26356.4	0	5256.57	4744.2	0	25535.5	0	0	0	7815.96
355000	355	4.55193	27311.6	0	4934.95	4412.09	0	25559.5	0	0	0	7650.53
356000	356	4.34629	26077.7	0	5267.01	4391.97	0	25615.4	0	0	0	7827.58
357000	357	4.46682	26800.9	0	4954.75	4175.13	0	26069.1	0	0	0	7837.87
358000	358	4.49961	26997.7	0	5134.1	4426.61	0	25823.8	0	0	0	7622.26
359000	359	4.47059	26823.5	0	5391.8	4578.66	0	25446.7	0	0	0	7836.24
360000	360	4.58278	27496.7	0	5240.97	4263.31	0	25648.5	0	0	0	7599.28
361000	361	4.33943	26036.6	0	5599.46	4647.45	0	25208.7	0	0	0	7507.63
362000	362	4.45156	26709.4	0	5157.76	4465.53	0	25345.6	0	0	0	8171.9
363000	363	4.41176	26470.5	0	5079.27	4458.94	0	25786.4	0	0	0	9305.21
364000	364	4.44925	26695.5	0	5255.63	4458.94	0	25587.1	0	0	0	7996.63
365000	365	4.40056	26403.4	0	5413.61	4250.19	0	25274.7	0	0	0	7798.68
366000	366	4.45715	26742.9	0	5170.93	4492.65	0	25870.2	0	0	0	7466.72
367000	367	4.35377	26122.6	0	5070.98	4536.17	0	25407.9	0	0	0	7546.33
368000	368	4.40314	26418.9	0	5364.92	4485.97	0	25742.8	0	0	0	8198.46
369000	369	4.45791	26747.5	0	5266.63	4579.88	0	25318.5	0	0	0	7499.15
370000	370	4.44635	26678.1	0	5426.34	4275.4	0	25213	0	0	0	7450.95
371000	371	4.37806	26268.3	0	5234.91	4335.35	0	25265.2	0	0	0	8029.86
372000	372	4.38167	26290	0	5346.62	4528.75	0	25521.9	0	0	0	7890.81
373000	373	4.41814	26508.9	0	5529.29	4510.88	0	25576.7	0	0	0	7687.76
374000	374	4.42619	26557.1	0	5282.17	4623.57	0	25595.7	0	0	0	7735.83
375000	375	4.46772	26806.3	0	5096.23	4628.92	0	25405.2	0	0	0	7619.25
376000	376	4.44772	26686.3	0	5132.28	4528.7	0	25723.5	0	0	0	7939.13
377000	377	4.43349	26600.9	0	5175.13	4348.58	0	25413.7	0	0	0	7421.5
378000	378	4.40314	26418.9	0	5536.67	4658.86	0	25453.8	0	0	0	7592.04
379000	379	4.33141	25988.4	0	5102.9	4191.45	0	25410.8	0	0	0	8356.28
380000	380	4.44546	26672.8	0	4959.92	4428.43	0	25677.1	0	0	0	7898.02
381000	381	4.44052	26643.1	0	5064.24	4316.81	0	25548.8	0	0	0	7992.34
382000	382	4.42995	26579.7	0	5282.9	4620.77	0	25037.3	0	0	0	7909.14
383000	383	4.35945	26156.7	0	5269.43	4574.11	0	25000.1	0	0	0	7966.32
384000	384	4.39832	26389.9	0	5336.37	4440.8	0	25257.5	0	0	0	7674.13
385000	385	4.40006	26400.4	0	5499.1	4526.48	0	25307.1	0	0	0	7732.95
386000	386	4.41159	26469.5	0	5200.59	4175.87	0	25667.3	0	0	0	7473.26
387000	387	4.49909	26994.5	0	5308.63	4450.87	0	25635	0	0	0	7404.25
388000	388	4.48559	26913.6	0	5128.6	4418.14	0	25625.8	0	0	0	7591.64
389000	389	4.36332	26179.9	0	5273.48	4452.95	0	25605.1	0	0	0	8493.17
390000	390	4.4808	26884.8	0	5160.41	4323.32	0	25244.8	0	0	0	8055.22
391000	391	4.46225	26773.5	0	5265.84	4266.04	0	25761.1	0	0	0	8199.08
392000	392	4.49632	26977.9	0	5254.78	4414.46	0	25239.2	0	0	0	8046.12
393000	393	4.43837	26630.2	0	5332.53	4405.73	0	25731.6	0	0	0	7957.14
394000	394	4.31473	25888.4	0	5279.23	4582.83	0	25863.5	0	0	0	7719.06
395000	395	4.44041	26642.4	0	5270.72	4462.65	0	25559.8	0	0	0	7590.25
396000	396	4.47911	26874.6	0	4903.43	4319.28	0	25262.8	0	0	0	8026.22
397000	397	4.43531	26611.8	0	5339.61	4273.64	0	25482.8	0	0	0	8082.46
398000	398	4.45022	26701.3	0	5144.79	4450.27	0	25803.2	0	0	0	7779.2
399000	399	4.56765	27405.9	0	5178.97	4300.82	0	25523.4	0	0	0	7459.45
400000	400	4.43336	26600.2	0	5186.36	4495.15	0	24790.1	0	0	0	8276.19
401000	401	4.37783	26267	0	5159.88	4516.4	0	25569.2	0	0	0	8204.12
402000	402	4.25501	25530.1	0	5420.02	4683.3	0	25741.2	0	0	0	7665.36
403000	403	4.45886	26753.1	0	5279.07	4646.15	0	24981.1	0	0	0	8077.07
404000	404	4.32241	25934.5	0	5085.16	4169.87	0	25567.2	0	0	0	7712.27
405000	405	4.31411	25884.7	0	5148.94	4589.04	0	25383.3	0	0	0	7487.4
406000	406	4.40696	26441.8	0	5053.98	4262.99	0	25162.3	0	0	0	7671.71
407000	407	4.46459	26787.5	0	4916.29	4314.64	0	25114.9	0	0	0	7908.92
408000	408	4.35993	26159.6	0	5235.65	4675.88	0	25061.4	0	0	0	8338.84
409000	409	4.37528	26251.7	0	5494.4	4139.39	0	25371.3	0	0	0	8130.13
410000	410	4.43182	26590.9	0	5420.29	4618.01	0	25957.3	0	0	0	7775
411000	411	4.3597	26158.2	0	5438.83	4173.54	0	25527.3	0	0	0	7662.58
412000	412	4.44346	26660.8	0	5095.42	4374.25	0	25212.5	0	0	0	8086.23
413000	413	4.4156	26493.6	0	5155.2	4484.42	0	25910.6	0	0	0	7656.66
414000	414	4.4506	26703.6	0	5173	4159.26	0	25532.5	0	0	0	7640.77
415000	415	4.49818	26989.1	0	5050.82	4444.14	0	26127.3	0	0	0	7851.82
416000	416	4.58209	27492.5	0	5000.9	4702.41	0	25596.8	0	0	0	7898.53
417000	417	4.38231	26293.9	0	5289.58	4417.65	0	25420	0	0	0	7841.35
418000	418	4.40653	26439.2	0	4957.46	4678.65	0	25627.7	0	0	0	7659.49
419000	419	4.43181	26590.8	0	5136.71	4524.27	0	25680.3	0	0	0	7664.88
420000	420	4.49937	26996.2	0	5033.51	4507.87	0	25333.5	0	0	0	8127.89
421000	421	4.46802	26808.1	0	5266.29	4524.83	0	25303.2	0	0	0	8316.24
422000	422	4.40394	26423.6	0	5077.56	4585.5	0	25311.3	0	0	0	7776.35
423000	423	4.39826	26389.6	0	5244.18	4309.52	0	26111	0	0	0	7631.09
424000	424	4.43622	26617.3	0	5321.05	4685.3	0	25654.2	0	0	0	7624.07
425000	425	4.43285	26597.1	0	5015.11	4629.94	0	25842.2	0	0	0	7657.55
426000	426	4.50181	27010.9	0	5035.93	4378.95	0	25703.9	0	0	0	7638.36
427000	427	4.47119	26827.1	0	5170.08	4444.38	0	25284.2	0	0	0	8257.63
428000	428	4.37327	26239.6	0	4994.4	4489.11	0	25896.2	0	0	0	7648.37
429000	429	4.42627	26557.6	0	5126.17	4293.57	0	25864.2	0	0	0	7356.73
430000	430	4.41792	26507.5	0	5203.95	4346.97	0	25644.4	0	0	0	8041.99
431000	431	4.46186	26771.1	0	5303.41	4440.21	0	25726.1	0	0	0	8272.33
432000	432	4.39536	26372.2	0	4987.79	4168.62	0	25507.8	0	0	0	7991.33
433000	433	4.37205	26232.3	0	5320.49	4226.92	0	25140.9	0	0	0	7624.02
434000	434	4.47823	26869.4	0	4981.91	4553.79	0	25382.3	0	0	0	7832.22
435000	435	4.4566	26739.6	0	5332.3	4492.54	0	25259	0	0	0	7793.17
436000	436	4.47147	26828.8	0	5249.6	4501.29	0	25320.1	0	0	0	7976.59
437000	437	4.49238	26954.3	0	5304.77	4518.2	0	25339.5	0	0	0	7960.54
438000	438	4.43393	26603.6	0	5620.25	4258.23	0	25177.5	0	0	0	8461.2
439000	439	4.40841	26450.4	0	5373.68	4513.97	0	25102.2	0	0	0	8139.96
440000	440	4.39693	26381.6	0	5083.05	4531.49	0	25358.7	0	0	0	7857.27
441000	441	4.33292	25997.5	0	5253.95	4461.22	0	25628.6	0	0	0	8727.46
442000	442	4.56036	27362.1	0	5337.83	4357.47	0	25543.6	0	0	0	7926.77
443000	443	4.39275	26356.5	0	5287.25	4303	0	25464.8	0	0	0	7564.69
444000	444	4.4513	26707.8	0	5302.75	4294.66	0	25396.3	0	0	0	9054.06
445000	445	4.396	26376	0	5251.97	4555.67	0	25393.4	0	0	0	7951.13
446000	446	4.56797	27407.8	0	5520.88	4392.32	0	25391.6	0	0	0	8469.59
447000	447	4.42782	26566.9	0	5449.48	4518.41	0	24995.6	0	0	0	7677.36
448000	448	4.34001	26040	0	5135.18	4409.9	0	25473.2	0	0	0	7582.17
449000	449	4.3728	26236.8	0	5417.25	4670.5	0	26073.5	0	0	0	8008.31
450000	450	4.36438	26186.3	0	5231.81	4621.88	0	25461.4	0	0	0	7688.58
451000	451	4.43445	26606.7	0	5218.18	4543.16	0	25744.8	0	0	0	8860.86
452000	452	4.53314	27198.8	0	5415.53	4176.23	0	24801.3	0	0	0	8073.71
453000	453	4.48059	26883.5	0	5267.57	4328.92	0	25598.9	0	0	0	7863.31
454000	454	4.47117	26827	0	5364.79	4501.5	0	25474.7	0	0	0	8186.14
455000	455	4.42841	26570.5	0	5464.18	4342.24	0	25389	0	0	0	7818.63
456000	456	4.44945	26696.7	0	5103.55	4410.55	0	25674	0	0	0	7903.35
457000	457	4.47863	26871.8	0	5081.75	4457.03	0	24958.2	0	0	0	7800.49
458000	458	4.30691	25841.5	0	5201.28	4509.88	0	25476.4	0	0	0	7735.47
459000	459	4.4343	26605.8	0	4939.36	4502.21	0	25556.1	0	0	0	8369.66
460000	460	4.43739	26624.4	0	5380.92	4474.39	0	25404.9	0	0	0	7563.38
461000	461	4.47772	26866.3	0	5404.65	4266.68	0	25522.2	0	0	0	7941.47
462000	462	4.36773	26206.4	0	4959.88	4432.51	0	25708.5	0	0	0	7941.98
463000	463	4.46744	26804.6	0	5247.28	4606	0	25179.5	0	0	0	7723.52
464000	464	4.39259	26355.5	0	5478.53	4113.85	0	25268.4	0	0	0	8392.15
465000	465	4.43242	26594.5	0	5214.21	4549.52	0	25349.5	0	0	0	7781.49
466000	466	4.40906	26454.4	0	5324.34	4327.11	0	26108.5	0	0	0	7262.7
467000	467	4.44515	26670.9	0	5110.84	4387.71	0	25331.8	0	0	0	7775.04
468000	468	4.45085	26705.1	0	5403.43	4536.67	0	25598.2	0	0	0	7942.37
469000	469	4.36986	26219.2	0	5106.04	4446.21	0	25404.4	0	0	0	7803.59
470000	470	4.41342	26480.5	0	5322.48	4288.21	0	26004.2	0	0	0	7543.62
471000	471	4.46306	26778.3	0	5201.6	4476.88	0	25744	0	0	0	7898.12
472000	472	4.35057	26103.4	0	5271.06	4399.63	0	24873	0	0	0	7901.72
473000	473	4.54956	27297.4	0	5028.31	4653.93	0	25446.6	0	0	0	8162.24
474000	474	4.48716	26923	0	5141.01	4338.59	0	25579.9	0	0	0	7809.88
475000	475	4.31627	25897.6	0	5105.73	4265.76	0	25553.5	0	0	0	7950.52
476000	476	4.46968	26818.1	0	5160.87	4302.85	0	25371.4	0	0	0	7626.18
477000	477	4.33354	26001.2	0	5030.98	4289.14	0	25704.8	0	0	0	7589.86
478000	478	4.38267	26296	0	5164.87	4396.55	0	25561.3	0	0	0	7767.81
479000	479	4.53205	27192.3	0	5401.48	4074.67	0	25773.4	0	0	0	7912.72
480000	480	4.35688	26141.3	0	4992.6	4718.89	0	25527.5	0	0	0	7654.62
481000	481	4.39977	26398.6	0	4928.85	4470.93	0	25703.3	0	0	0	7905.34
482000	482	4.47699	26861.9	0	5278.53	4549.15	0	25130.4	0	0	0	8264.72
483000	483	4.28377	25702.6	0	5363.45	4538.12	0	25436.6	0	0	0	7561.63
484000	484	4.44215	26652.9	0	5362.64	4558.05	0	25623.9	0	0	0	8160.77
485000	485	4.36734	26204	0	5172.48	4650.02	0	25228.5	0	0	0	7397.72
486000	486	4.43599	26615.9	0	5022.51	4589.55	0	25360.7	0	0	0	7832
487000	487	4.50555	27033.3	0	5105.57	4309.82	0	25319.7	0	0	0	7784.16
488000	488	4.44147	26648.8	0	5262.64	4515.42	0	25716.6	0	0	0	7842.57
489000	489	4.40096	26405.7	0	5181.02	4256.08	0	25507.3	0	0	0	7718.7
490000	490	4.42591	26555.5	0	5124.83	4398.31	0	25510.5	0	0	0	8071.76
491000	491	4.47921	26875.2	0	5249.9	4631.2	0	25532.7	0	0	0	8375.73
492000	492	4.35236	26114.2	0	5165.1	4271.06	0	25704.4	0	0	0	7655.54
493000	493	4.36578	26194.7	0	5404.1	4486.83	0	26037.7	0	0	0	7651.87
494000	494	4.41101	26466.1	0	5175.63	4150.36	0	25517.1	0	0	0	7898.33
495000	495	4.46007	26760.4	0	5248.17	4555.31	0	25483.1	0	0	0	7560.77
496000	496	4.31936	25916.2	0	5188.28	4620.25	0	25839	0	0	0	7443.2
497000	497	4.38293	26297.6	0	5234.25	4466.69	0	25697.4	0	0	0	7750.74
498000	498	4.52863	27171.8	0	5285.02	4308.25	0	25255.4	0	0	0	7693.67
499000	499	4.36682	26200.9	0	5080.86	4258.32	0	25828.5	0	0	0	7621.26
500000	500	4.45939	26756.4	0	5342.25	4446.09	0	26004.3	0	0	0	7959.68
501000	501	4.14896	24893.7	192055	37418.4	4790.29	894.969	24954.8	0	0.2575	515	7841.49
502000	502	4.4268	26560.8	151196	48131.1	4914.91	3174.17	23331.8	0	0.453	906	8141.36
503000	503	4.5898	27538.8	82554	34600	5045.04	3742.2	22401.1	0	0.5505	1101	8137.11
504000	504	4.61601	27696.1	55125.5	20039	4827.09	3885.85	22153.5	0	0.613	1226	8965.52
505000	505	4.68947	28136.8	37378.9	17600	4937.95	4192.66	22159.3	0	0.653	1306	8102.63
506000	506	4.60465	27627.9	27988.1	18330.9	4767.84	4461.37	22466	0	0.6815	1363	8501.87
507000	507	4.6593	27955.8	25496.3	15660.5	4691.23	4572.8	22174.8	0	0.7085	1417	7476.53
508000	508	4.50429	27025.8	20093.5	18643.8	4979.61	4931.11	22152.5	0	0.7255	1451	8044.53
509000	509	4.71191	28271.5	17703.5	13583.5	4648.86	4908.53	22144.6	0	0.7415	1483	9547.16
510000	510	4.73371	28402.3	13758.3	13200.7	4804.93	4859.43	22082.7	0	0.7525	1505	7882.89
511000	511	4.70779	28246.8	12332.8	10258.7	5013.22	4776.52	21981	0	0.7615	1523	7962.37
512000	512	4.7551	28530.6	7895.13	8094.17	5051.52	4978.23	21712.2	0	0.766	1532	8112.42
513000	513	4.64523	27871.4	7459.96	8602.57	4864.62	4936.06	21686.1	0	0.77	1540	7797.4
514000	514	4.73593	28415.6	10900.5	10473.6	4862.02	4836.83	21657.2	0	0.7775	1555	8134.02
515000	515	4.67777	28066.6	9216.95	8055.33	5081.88	5034.84	21787.8	0	0.784	1568	7627.59
516000	516	4.69965	28197.9	9733.5	8029.53	4950.81	5042.5	22124.5	0	0.7895	1579	7863.37
517000	517	4.69883	28193	4382.95	8343.63	4832.39	4810.07	22367	0	0.7905	1581	8282.44
518000	518	4.66311	27978.7	6168.02	8578.49	4748.58	5083.31	21858.8	0	0.794	1588	8266.52
519000	519	4.58947	27536.8	7851.89	9248.87	4954.33	5206.23	21936	0	0.799	1598	8360.41
520000	520	4.50207	27012.4	4910.4	9530.55	4894.36	5159.66	22098.8	0	0.8005	1601	7885.83
521000	521	4.60896	27653.8	5367.42	7581.22	4982.95	5055.7	21776.7	0	0.8025	1605	7932.16
522000	522	4.666	27996	4157.15	7636.37	4768.14	5148.22	21948.3	0	0.8035	1607	7503.72
523000	523	4.6268	27760.8	5510.23	7093.81	4668.82	4942.94	21759.6	0	0.805	1610	8521.5
524000	524	4.77722	28663.3	4680.74	8545.05	4765.2	5049.66	21872.6	0	0.8065	1613	7746.07
525000	525	4.57537	27452.2	6188.26	7803.32	4867.84	4962.97	21720.6	0	0.809	1618	7561.03
526000	526	4.68695	28121.7	7209.15	7567.13	4898.99	5097.13	22042.9	0	0.813	1626	7794.42
527000	527	4.63	27780	5241.74	8257.09	4947.66	5033.21	22623.1	0	0.8145	1629	7781.97
528000	528	4.6543	27925.8	5647.79	8449.09	4682.98	4976.61	22108.2	0	0.816	1632	8013.6
529000	529	4.64912	27894.7	5386.15	7599.73	4619.79	4961.12	22195	0	0.8175	1635	7758.58
530000	530	4.7259	28355.4	4999.23	7273.69	4721.99	4804.44	22339.4	0	0.8185	1637	8227.32
531000	531	4.65296	27917.8	6660.89	11701.5	5034.76	4972.53	22117.9	0	0.8215	1643	7771.24
532000	532	4.52901	27174.1	5293.6	7798.32	4831.92	4853.66	22108.9	0	0.823	1646	8310.38
533000	533	4.69315	28158.9	4764.41	7420.32	4937.82	4894.89	22193.8	0	0.824	1648	8570.47
534000	534	4.68763	28125.8	5369.65	7492.21	4959.64	4808.98	22369.8	0	0.8255	1651	8313.37
535000	535	4.64032	27841.9	4910.92	8057.96	4807.99	4934.46	22189.1	0	0.827	1654	8214.38
536000	536	4.6381	27828.6	5130.42	8030.12	4890.47	4884.32	22404.4	0	0.8285	1657	7984.34
537000	537	4.67784	28067	5295.78	7609.73	4883.09	5198.48	22265.7	0	0.83	1660	23769.4
538000	538	4.63976	27838.6	4450.38	7605.48	4814.02	4943.63	21924.1	0	0.8305	1661	7951.22
539000	539	4.54992	27299.5	4577.93	7354.04	4798.41	4871.92	22262.6	0	0.8315	1663	7884.72
540000	540	4.60891	27653.5	5592	7283.39	4850.71	4857.43	21902.8	0	0.834	1668	14287.9
541000	541	4.56117	27367	4934.41	7252.52	4708.14	4762	21949.1	0	0.8355	1671	7776.27
542000	542	4.55373	27322.4	4550.62	7134.08	4894.18	4793.62	21877.7	0	0.8365	1673	8190.99
543000	543	4.7368	28420.8	6140.71	7636.56	4957.49	4831.65	22026.6	0	0.839	1678	8195.12
544000	544	4.79619	28777.1	4738.19	7504.81	4690.48	4934.21	22214.6	0	0.8405	1681	8171.88
545000	545	4.71091	28265.4	4461.13	7759.29	4921.76	4777.46	22081.2	0	0.8415	1683	8400.49
546000	546	4.70052	28203.1	5406.58	8210.98	4654.9	4926.71	22318.2	0	0.8435	1687	7776.13
547000	547	4.57425	27445.5	5170.13	7391.84	4676.9	4976.21	22190.2	0	0.845	1690	7697.93
548000	548	4.58346	27500.8	5333.88	8357.08	4825.72	4914.1	22390.4	0	0.8465	1693	7812.52
549000	549	4.70765	28245.9	3854.38	7369.52	4541.4	4942.34	22527.1	0	0.8465	1693	7850.01
550000	550	4.59147	27548.8	4059.28	7389.29	4927.25	4749.29	22422.4	0	0.8465	1693	8106.76
551000	551	4.6303	27781.8	4893.23	7597.57	4815.77	4941.22	22455.5	0	0.8475	1695	7915.07
552000	552	4.6641	27984.6	5240.21	7934.58	4750.56	4926.6	22526.6	0	0.849	1698	8056.37
553000	553	4.72999	28380	4069	7147.97	4599.81	4933.09	22175.1	0	0.849	1698	8170.16
554000	554	4.69136	28148.2	4930.24	7216.15	4865.6	5040.16	22233.5	0	0.85	1700	7612.03
555000	555	4.64472	27868.3	5091.53	7181.23	4835.39	5015.3	22088.4	0	0.8515	1703	8387.19
556000	556	4.66074	27964.5	4424.59	7513.87	4636.02	5023.82	21798.4	0	0.8525	1705	7647.64
557000	557	4.61681	27700.8	5128.3	8853.72	4767.51	5056.28	22303.8	0	0.854	1708	7490.46
558000	558	4.65844	27950.6	4472.97	8183.4	4805.13	5055.19	22200.4	0	0.8545	1709	8032.74
559000	559	4.58991	27539.5	5021.45	7342.11	4744.42	4934.1	22268.9	0	0.8555	1711	7890.62
560000	560	4.70615	28236.9	5408	7344.75	4806.22	5075.64	22833.8	0	0.857	1714	8122.62
561000	561	4.62717	27763	3970.98	7285.28	4929.66	5051.68	22250.5	0	0.857	1714	8020.25
562000	562	4.62308	27738.5	4297.77	6920.62	4711.05	4896.27	22275.5	0	0.8575	1715	7848.04
563000	563	4.60761	27645.6	6090.29	7966.95	4677.67	5011.47	22723.9	0	0.8595	1719	8148.63
564000	564	4.6484	27890.4	3871.45	6955.45	4400.24	5086.05	22514.6	0	0.8595	1719	8229.45
565000	565	4.55313	27318.8	4154.56	6762.36	4561.94	5083.79	22567.1	0	0.86	1720	7620.86
566000	566	4.61671	27700.2	4351.15	7038.52	4648.88	5158.35	23004	0	0.8605	1721	7605.59
567000	567	4.59752	27585.1	4396.37	7533.78	4884.86	5073.61	22610.3	0	0.861	1722	7486.37
568000	568	4.68991	28139.5	4793.86	7318.86	4874.25	4998.93	22529.1	0	0.8615	1723	7811.88
569000	569	4.70893	28253.6	4753.8	7487.53	4788.89	5177.51	22449	0	0.863	1726	17611.7
570000	570	4.79068	28744.1	5435.5	7496.71	4716.1	5200.35	22502.7	0	0.8645	1729	8474.42
571000	571	4.80903	28854.2	4569.8	7397.15	5049.65	5221.38	22580.4	0	0.8655	1731	8153.05
572000	572	4.51165	27069.9	4675.7	7410.9	4761.42	5125.4	22437	0	0.866	1732	7914.78
573000	573	4.66169	27970.1	4453.35	7292.09	4614.78	5132.95	22248.5	0	0.8665	1733	7771.9
574000	574	4.4793	26875.8	5582.22	7320.09	4689.29	5201.39	22708.1	0	0.8685	1737	7734.15
575000	575	4.73827	28429.6	4414.82	7127.08	4868.01	5109.18	22444.8	0	0.869	1738	7577.06
576000	576	4.65679	27940.8	4673.09	7185.94	5116.73	5055.3	22477.2	0	0.87	1740	8126.83
577000	577	4.63503	27810.2	4521.16	7515.04	4917.77	5020.72	22412.6	0	0.8705	1741	7779.02
578000	578	4.63789	27827.4	4449.94	7217.77	5042.46	4892.78	22589.5	0	0.871	1742	9134.29
579000	579	4.63173	27790.4	5102.82	7659.75	4880.21	4918.74	22747.3	0	0.872	1744	7536.22
580000	580	4.76285	28577.1	3887.87	7189.61	4878.93	4972.5	22448.9	0	0.872	1744	7951.23
581000	581	4.62011	27720.6	4590.53	7815.83	4724.29	4944.08	22795.9	0	0.873	1746	7630.32
582000	582	4.61385	27683.1	4191.94	7030.16	4804.71	5207.41	22887	0	0.8735	1747	7667.68
583000	583	4.66055	27963.3	5007.23	7237.08	5054.52	5116.88	22405.3	0	0.8745	1749	8375.85
584000	584	4.6604	27962.4	4616.7	7251.65	4938.83	5053.91	22474.7	0	0.875	1750	7923.79
585000	585	4.68223	28093.4	5325.67	7702.49	5113.73	5025.65	22655.1	0	0.876	1752	7787.89
586000	586	4.69407	28164.4	4756.87	7332.15	4877.86	4936.88	22490.7	0	0.8765	1753	8319.51
587000	587	4.59493	27569.6	3876.37	7171.65	4955.11	4909.12	22744.7	0	0.8765	1753	7194.56
588000	588	4.60241	27614.5	4087.59	7265.79	4991.18	4835.55	22667.6	0	0.877	1754	8410.96
589000	589	4.65653	27939.2	4507.39	7402.06	4933.11	5044.59	22417.5	0	0.8775	1755	7800.76
590000	590	4.65639	27938.4	4138.47	7262.47	5045.83	5167.05	22502.7	0	0.8775	1755	8229.25
591000	591	4.82873	28972.4	4315.56	7220.21	4559.54	5153.02	22463.5	0	0.878	1756	7756.76
592000	592	4.7402	28441.2	4170.04	7459.02	4689.28	4979.49	22534.8	0	0.878	1756	8054.4
593000	593	4.53441	27206.5	3998.61	7213.93	4853.18	5053.17	22607.9	0	0.878	1756	8001.38
594000	594	4.65671	27940.3	4431.76	7234.73	4812.88	5262.81	22697.3	0	0.8785	1757	8728.58
595000	595	4.77469	28648.1	4035.78	7436.74	5037.25	5161.86	22889.5	0	0.8785	1757	8968.42
596000	596	4.64726	27883.5	4124.52	7352.6	4940.08	4873.21	22330.4	0	0.8785	1757	7830.05
597000	597	4.78533	28712	5005.98	7185.94	4837.14	5139.71	22704.6	0	0.8795	1759	7540.85
598000	598	4.62596	27755.7	4548.7	7397.73	4977.71	5106.33	22448.5	0	0.88	1760	7796.88
599000	599	4.78682	28720.9	5133.88	7471.37	4943.92	5275.59	22604.7	0	0.881	1762	8296.54
600000	600	4.6749	28049.4	4573.3	7286.62	4747.26	5310.36	22719.1	0	0.8815	1763	7695.47
601000	601	4.64955	27897.3	4523.72	7534.94	4783.57	5095.09	22425.6	0	0.882	1764	8200.52
602000	602	4.73157	28389.4	5129.41	7125.15	4838.83	5104.32	22480.9	0	0.883	1766	23997.7
603000	603	4.60765	27645.9	4579.18	7095.7	4637.26	5157.41	22689.2	0	0.8835	1767	7906.55
604000	604	4.64868	27892.1	4041.84	7101.07	4563.54	5253.67	22744.3	0	0.8835	1767	7932.02
605000	605	4.71273	28276.4	3979.46	7102.72	4697.28	5362.79	23181.7	0	0.8835	1767	7542.99
606000	606	4.69461	28167.6	4306.61	7418.18	4950.64	5159.97	22971.7	0	0.884	1768	7552.3
607000	607	4.66006	27960.4	4504.76	8987.01	4721.66	5237.98	22713.2	0	0.8845	1769	7562.38
608000	608	4.66497	27989.8	4164.41	7172.45	4709.41	5116.09	22653	0	0.8845	1769	7751.23
609000	609	4.69288	28157.3	4653.28	7375.35	4480.43	5204.11	22757.3	0	0.885	1770	8026.28
610000	610	4.69943	28196.6	5794.16	8439.46	4512.37	4973.8	23055.4	0	0.8865	1773	8215.62
611000	611	4.5928	27556.8	4601.35	7391.34	4700.8	5190.11	22970	0	0.887	1774	7704.63
612000	612	4.62659	27759.6	4450.41	7179.68	4755.67	5187.63	22580.7	0	0.8875	1775	8488.88
613000	613	4.72864	28371.8	4242.08	7334.1	4719.21	5095.99	23013.4	0	0.8875	1775	7598.46
614000	614	4.53961	27237.7	4184.05	7229.84	4773.88	5183.73	23070.1	0	0.888	1776	7863.89
615000	615	4.79241	28754.5	3837.64	7128.96	4987.53	5247.87	22825.5	0	0.888	1776	7613.24
616000	616	4.71546	28292.8	4144.16	7201.71	4997.82	5116.54	22809.7	0	0.888	1776	7281.02
617000	617	4.76899	28613.9	4089.23	7098.98	4738.54	5169.02	22862.7	0	0.888	1776	7687.96
618000	618	4.80566	28834	5117.65	7278.71	4599.28	5209.79	22898.2	0	0.889	1778	7542.45
619000	619	4.59251	27555.1	4560.25	7488.05	4933.42	5047.01	22588.5	0	0.8895	1779	8336.08
620000	620	4.65423	27925.4	4032.79	7431.68	4782.07	5281.21	22733.5	0	0.8895	1779	14043
621000	621	4.54776	27286.6	4876.48	7491.05	4632.09	5092.91	22713.7	0	0.89	1780	8129.23
622000	622	4.64212	27852.7	4078.55	7487.68	4684.39	5089.15	22655.8	0	0.89	1780	8692.41
623000	623	4.61223	27673.4	3807.17	7343.04	4839.52	5307.69	22630.8	0	0.89	1780	9730.28
624000	624	4.5784	27470.4	4782.18	7445.18	4892.31	5322.45	22715.3	0	0.891	1782	7553.43
625000	625	4.65533	27932	5084.04	7786.08	4715.32	5083.48	22640.7	0	0.892	1784	7595.39
626000	626	4.56762	27405.7	4974.53	7265.2	4554.02	5258.82	22914.6	0	0.893	1786	7870.93
627000	627	4.55682	27340.9	5059.89	7528.01	4555.4	5221.55	22902.3	0	0.894	1788	8112.41
628000	628	4.68025	28081.5	4955.62	7409.69	4870.27	5086.08	22857.2	0	0.895	1790	8232.54
629000	629	4.73016	28381	4518.82	7129.75	4732.63	5200.52	23032.3	0	0.8955	1791	7584.11
630000	630	4.61293	27677.6	4032.55	7303.12	4586.2	5215.4	22999.7	0	0.8955	1791	8268.52
631000	631	4.56591	27395.4	4234.86	7221.56	4850.79	5241.12	22885.8	0	0.8955	1791	8118.61
632000	632	4.5852	27511.2	5664.33	8637.54	5083.44	5222.8	22960.6	0	0.897	1794	7834.63
633000	633	4.65442	27926.5	4471.64	7093.77	4769.99	5325.55	22782.2	0	0.897	1794	7721.59
634000	634	4.66676	28000.6	4442.34	7349.99	4681.4	5356.87	22850.5	0	0.897	1794	7660.16
635000	635	4.54237	27254.2	4207.05	7376.35	4869.71	5352.23	22933.2	0	0.897	1794	8335.66
636000	636	4.64355	27861.3	4427.59	9229.95	4672.1	5231.65	22815.3	0	0.8975	1795	8001.35
637000	637	4.70015	28200.9	4208.92	7190.95	4910.07	4897.55	23015.5	0	0.8975	1795	7810.48
638000	638	4.72738	28364.3	3888.86	7405.75	4836.28	5060.75	22654.9	0	0.8975	1795	8168.22
639000	639	4.91006	29460.4	4601.29	7922.39	6222.57	5278.25	23007	0	0.8975	1795	12932.2
640000	640	4.47043	26822.6	4036.3	7576.95	4733.65	5188.32	23088.6	0	0.8975	1795	8176.85
641000	641	4.66153	27969.2	4441.76	7293.41	4817.25	5019.54	22906.3	0	0.898	1796	7956.78
642000	642	4.57558	27453.5	4177.3	7159.97	4947.29	5142.14	22805.9	0	0.898	1796	7612.75
643000	643	4.59091	27545.5	4755.18	7298	4550.69	4945.47	22816.9	0	0.8985	1797	7694.77
644000	644	4.70469	28228.1	4412.34	7558.87	4713.88	5030.53	23021.8	0	0.899	1798	8355.34
645000	645	4.68147	28088.8	4706.85	7620.92	4723	5207.97	23206.7	0	0.8995	1799	7646.52
646000	646	4.76334	28580.1	4742.35	7365.28	4970.77	5154.27	22799	0	0.9	1800	8171.18
647000	647	4.68542	28112.5	4385.77	7073.25	4673.94	5252.48	23337.5	0	0.9	1800	13851.4
648000	648	4.62445	27746.7	4131.32	7260.47	4666.93	5365.66	23028.4	0	0.9	1800	8296.35
649000	649	4.58182	27490.9	4127.43	7112.31	4951.61	5298.33	23166.2	0	0.9	1800	7847.97
650000	650	4.58305	27498.3	4024.81	7432.55	4946.84	5131.17	22999.3	0	0.9	1800	7981.57
651000	651	4.66429	27985.7	4188.69	7048.3	4895.38	5461.67	23038.7	0	0.9	1800	8222.59
652000	652	4.54128	27247.7	4019.63	7496.14	4638.57	5337.41	22833	0	0.9	1800	8134.43
653000	653	4.64511	27870.7	4022.04	7048.44	4644.29	5148.78	22937	0	0.9	1800	9532.09
654000	654	4.59499	27569.9	4367.6	7335.28	5082.16	5345.38	22829.4	0	0.9005	1801	7789.48
655000	655	4.58485	27509.1	4431.99	7366.95	4678.93	5417.59	22997.7	0	0.901	1802	7859.51
656000	656	4.78196	28691.7	4745.56	7119.7	4974.1	5240.2	23050.7	0	0.9015	1803	7775.47
657000	657	4.69161	28149.6	4275.95	7235.24	4984.22	5205.01	22964.7	0	0.9015	1803	7776.45
658000	658	4.66164	27969.9	4209.23	7074.82	4702.08	5195.55	22860	0	0.902	1804	7816.61
659000	659	4.5705	27423	4174.37	6963.17	4888.49	5331.78	23074.9	0	0.902	1804	8393.6
660000	660	4.54461	27267.7	5289.84	7412.3	4984.42	5266.64	22965.5	0	0.9035	1807	8487.13
661000	661	4.57494	27449.7	4641.09	7378.06	4832.41	5353.78	23136.5	0	0.904	1808	7734
662000	662	4.64375	27862.5	4084.27	7064.85	4964.4	5272.83	23206.3	0	0.904	1808	8175.23
663000	663	4.66587	27995.2	4711.97	6924.34	4649.97	5234.1	23255.3	0	0.9045	1809	8093.48
664000	664	4.64523	27871.4	4574.05	7324.25	4737.87	5414.7	23228.7	0	0.905	1810	7678.35
665000	665	4.61309	27678.5	4146.29	6917.2	5026	5261.31	22923.2	0	0.905	1810	8328.22
666000	666	4.5746	27447.6	4301.09	7430.09	4949.3	5170.55	22907.4	0	0.905	1810	8184.57
667000	667	4.60252	27615.1	4694.82	7228.74	4810.22	5421.23	23056.5	0	0.9055	1811	7358.17
668000	668	4.68569	28114.2	4154.31	7552.02	4980.02	5424.16	22980.4	0	0.9055	1811	7872.2
669000	669	4.6117	27670.2	4013.36	7243.76	4756.37	5284.88	23207.1	0	0.9055	1811	7874.82
670000	670	4.61325	27679.5	5015.83	9464.34	4749.39	5230.88	22763.4	0	0.906	1812	8511.82
671000	671	4.54052	27243.1	4143.03	7487.31	4553.19	5169.88	22790.6	0	0.906	1812	7811.25
672000	672	4.67871	28072.3	4729.37	7140.7	4510.38	5117.91	22608.8	0	0.9065	1813	7891.07
673000	673	4.64966	27897.9	4188.87	7228.22	4963.99	5308	22864.5	0	0.9065	1813	7897.14
674000	674	4.61033	27662	4202.31	7568.58	4897.7	5094.76	23137.4	0	0.9065	1813	8076.36
675000	675	4.61541	27692.4	4245.65	7272.03	5053.22	5119.04	22942.1	0	0.9065	1813	10568.3
676000	676	4.62096	27725.7	4383.29	7151.67	4577.9	5134.74	23004.3	0	0.9065	1813	7698.3
677000	677	4.58195	27491.7	4169.44	7415.65	4382.65	5018.78	22642	0	0.9065	1813	8190.06
678000	678	4.66795	28007.7	4238.13	7104.94	4576.75	5086.25	23024.1	0	0.9065	1813	7713.33
679000	679	4.59609	27576.5	4167.2	7104.02	4681.68	5147.9	22788.3	0	0.9065	1813	7408.45
680000	680	4.63958	27837.5	4328.18	7326.65	5013.93	4838.6	23142.8	0	0.907	1814	7969.66
681000	681	4.6333	27799.8	4345.4	6951.28	4762.99	5168.86	22941.1	0	0.907	1814	7834.01
682000	682	4.64171	27850.3	4672.59	7261.4	4804.12	5138.13	22675.3	0	0.9075	1815	7793.63
683000	683	4.67417	28045	4668.42	7062.87	4685.94	5355.82	22888.9	0	0.908	1816	7808.8
684000	684	4.66133	27968	4738	6970.29	4659.69	5183.61	22813.7	0	0.9085	1817	7624.99
685000	685	4.69348	28160.9	4192.89	7107.15	4910.34	5200.66	22911.1	0	0.9085	1817	7974.36
686000	686	4.68139	28088.3	4114.08	7455.34	4925.52	5287.79	22811.1	0	0.9085	1817	7678.06
687000	687	4.65428	27925.7	4203.97	7229.07	4852.91	5291.48	22777.9	0	0.9085	1817	7736.21
688000	688	4.62666	27760	4273.39	6952.88	4616.67	5395.62	22696	0	0.9085	1817	7666.56
689000	689	4.6618	27970.8	4237.87	7180.63	4767.12	5263.03	22851.8	0	0.9085	1817	7685.44
690000	690	4.59597	27575.8	4059.91	7456.7	4730.47	5286.23	22866.8	0	0.9085	1817	7920.9
691000	691	4.6063	27637.8	4382.97	7114.99	4574.49	5096.62	23037	0	0.9085	1817	7799.34
692000	692	4.57283	27437	4293.21	7240.54	4818.36	4997.02	23033.2	0	0.9085	1817	7880.93
693000	693	4.69286	28157.2	4015.62	7176.49	5001.06	5018.21	22699.4	0	0.9085	1817	8191.85
694000	694	4.72204	28332.2	4338.45	7227.52	4700.99	5132.67	22752.9	0	0.9085	1817	7903.51
695000	695	4.58824	27529.5	5238.16	7203.78	4735.61	5364.79	22823.2	0	0.9095	1819	7982.23
696000	696	4.59016	27541	4533.32	7482.48	4458.1	5355.11	22736.7	0	0.91	1820	9895.65
697000	697	4.71145	28268.7	4809.15	7839.22	4735.13	5301.75	23017.1	0	0.9105	1821	7805.03
698000	698	4.62019	27721.1	4230.13	7309.37	4959.1	5186.37	22951.1	0	0.9105	1821	8748.22
699000	699	4.5801	27480.6	4794.2	7346.31	4788.86	5330.72	22992.1	0	0.911	1822	7378.91
700000	700	4.61957	27717.4	4212.22	7411.44	4941.94	5327.39	23241.3	0	0.9115	1823	7482.46
701000	701	4.61572	27694.3	4098.05	7466.31	4719.63	5316.74	22825.8	0	0.9115	1823	8119.9
702000	702	4.63626	27817.6	4310.99	7374.51	4781.32	5320.54	22690.2	0	0.9115	1823	7463.62
703000	703	4.65094	27905.7	4218.23	7137.15	4783.87	5324.46	22472.2	0	0.9115	1823	8149.06
704000	704	4.66698	28001.9	4380.19	7342.18	5010.99	5289.54	23125	0	0.9115	1823	7507.72
705000	705	4.724	28344	4021.29	7545.67	4799.22	5154.83	22709.1	0	0.9115	1823	7992.14
706000	706	4.6284	27770.4	4574.04	7261.81	4757.46	5181.03	22866.7	0	0.912	1824	8066.42
707000	707	4.66491	27989.5	4429.15	7199.41	4691.15	5221.85	23082.3	0	0.912	1824	7687.22
708000	708	4.69884	28193	4285.7	7051.97	4796.83	5231.27	22940.7	0	0.912	1824	7674.83
709000	709	4.5963	27577.8	4511.25	7425.41	4836.81	5258.51	23185.9	0	0.9125	1825	7859.28
710000	710	4.61244	27674.6	5164.12	7192.03	5028	5246.97	22871.4	0	0.914	1828	8408.15
711000	711	4.61662	27699.7	4159.6	7297.66	4953.2	5230.16	23115.7	0	0.914	1828	7786.37
712000	712	4.62211	27732.7	3969.22	7275.29	4806.77	5289.79	23268.7	0	0.914	1828	12351.3
713000	713	4.62306	27738.4	4611.42	7156.91	4810	5270.42	22942	0	0.9145	1829	7570.29
714000	714	4.71394	28283.6	4089.23	6984.99	4434.15	5136.55	22751.7	0	0.9145	1829	7267.13
715000	715	4.7207	28324.2	4217.3	6898.72	4563.7	5239.01	22943.8	0	0.9145	1829	7687.7
716000	716	4.61854	27711.2	4854.53	6926.97	4978.96	5196.14	22794.2	0	0.915	1830	7549.45
717000	717	4.73799	28427.9	4262.83	7135.26	4566.92	5014.33	23171.4	0	0.915	1830	7674.71
718000	718	4.60292	27617.5	4833.82	7259.82	4851.62	5107.52	22895.8	0	0.9155	1831	8824.5
719000	719	4.62747	27764.8	4704.9	8449.09	4423.47	5175.37	23124	0	0.916	1832	8280.48
720000	720	4.6578	27946.8	4101.56	7047.77	4690.51	5186.49	22898	0	0.916	1832	7902.12
721000	721	4.58353	27501.2	5585.94	7300.76	5022.24	5138.24	23235.8	0	0.918	1836	7606.74
722000	722	4.69629	28177.7	4136.78	7156.79	4671.33	4964.39	23027	0	0.918	1836	7588.82
723000	723	4.56039	27362.3	4551.68	6824.69	4839.32	4989.06	23308.9	0	0.918	1836	7688.93
724000	724	4.77577	28654.6	4858.31	7260.29	4834.62	5223.69	23212.5	0	0.9185	1837	8369.09
725000	725	4.56713	27402.8	3999.62	7033.47	4925.99	5255.88	23374.4	0	0.9185	1837	8235.3
726000	726	4.61181	27670.9	4099.91	7300.43	4873.39	5085.37	23084.3	0	0.9185	1837	8289.74
727000	727	4.68657	28119.4	4234.07	7244.51	4773.61	4968.14	23101.4	0	0.9185	1837	8234.88
728000	728	4.67997	28079.8	4389.19	7329.16	4731.49	5213.27	23116.7	0	0.919	1838	8305.52
729000	729	4.62141	27728.5	4355.75	7211.75	4744.01	5166.95	22882.8	0	0.9195	1839	7722.59
730000	730	4.52622	27157.3	4577.32	6886.59	4531.44	5013.92	23201.3	0	0.9195	1839	8168.31
731000	731	4.55373	27322.4	4770.8	7458.32	5009.87	5086.39	23090	0	0.92	1840	7739.09
732000	732	4.6754	28052.4	4307.28	6942.07	4745.9	5070.8	23141.3	0	0.92	1840	8575.3
733000	733	4.62469	27748.1	4006.03	7532.08	4774.35	5143.81	23052.9	0	0.92	1840	9103.92
734000	734	4.6003	27601.8	4439.57	7261.05	4822.91	5253.85	22987	0	0.92	1840	7990.8
735000	735	4.73742	28424.5	4218.53	7369.01	4938.95	5324.92	23260.6	0	0.92	1840	8279.8
736000	736	4.58669	27520.1	4219.21	7248.14	4660.94	5369.19	23111.7	0	0.92	1840	7753.25
737000	737	4.74865	28491.9	4024.18	7072.16	4796.09	5242.18	22908.8	0	0.92	1840	14055.5
738000	738	4.70674	28240.4	4178.8	7092.28	4684.76	5371.86	22855.7	0	0.92	1840	7502.63
739000	739	4.5439	27263.4	4989.35	7261.29	4687.69	5486.54	23181.2	0	0.921	1842	7847.7
740000	740	4.58409	27504.5	3986.02	7248.92	4870.56	5391.87	23275.5	0	0.921	1842	7981.75
741000	741	4.57938	27476.3	4261.77	6919.23	4694.87	5211.43	23028.6	0	0.921	1842	8020.05
742000	742	4.67355	28041.3	4376.15	7476.88	4947.07	5353.3	23286.1	0	0.921	1842	8305.08
743000	743	4.67207	28032.4	4033.99	7358.97	4801.84	5199.59	23416.4	0	0.921	1842	16164.5
744000	744	4.54068	27244.1	4463.22	7181.97	4741.92	5416.64	23291.2	0	0.921	1842	7850.87
745000	745	4.65328	27919.7	4310.39	7246.5	4623.43	5444.9	23071.3	0	0.921	1842	7997.56
746000	746	4.7079	28247.4	4108.03	7305.06	4611.65	5317.02	23130.5	0	0.921	1842	7806.93
747000	747	4.63072	27784.3	4343.29	7284.07	4581.54	5129.26	22974.7	0	0.921	1842	7691.61
748000	748	4.61645	27698.7	4938.3	8604.2	4681.92	5321.9	23246.5	0	0.9215	1843	7664.58
749000	749	4.57619	27457.2	4114.79	7250.14	4732.45	5262.83	23288.2	0	0.9215	1843	7930.19
750000	750	4.62752	27765.1	5152.6	7151.06	4701.9	5117.2	23202.8	0	0.922	1844	7634.53
751000	751	4.56767	27406	4725.43	7528.54	5053.83	5315.94	23327.3	0	0.9225	1845	8118.29
752000	752	4.62428	27745.7	4358.98	7160.96	4509.48	5321.46	23161.5	0	0.9225	1845	7398.19
753000	753	4.70378	28222.7	5360.17	7190.3	4853.78	5252.43	23337.5	0	0.9235	1847	9941.65
754000	754	4.55758	27345.5	4103.67	7248.87	4883.42	5305.08	23325.1	0	0.9235	1847	9010.16
755000	755	4.65201	27912.1	4451.07	6737.09	4592.87	5347.73	23470.5	0	0.9235	1847	8127.91
756000	756	4.67714	28062.8	5151.64	7372.4	4919.93	5215.41	23246.5	0	0.9245	1849	7686.39
757000	757	4.72914	28374.8	4770.03	7198.13	4797.82	5175.64	23549.5	0	0.925	1850	7926.12
