step	time	T	Ekin	chem_fpl_reaction_1	dyn_angles_0	dyn_bonds_0	dyn_dihedrals_0	lj-tab	tab-dynamic_0	cr_3	count_0
0	0	2.66784	16007	0	5087.16	4467.66	0	25800.8	0	0	0
1000	1	4.40751	26445.1	0	4708.91	4469.6	0	25052.4	0	0	0
2000	2	4.42286	26537.2	0	5039.41	4314.34	0	25308.2	0	0	0
3000	3	4.42462	26547.7	0	5134.82	4624.77	0	25602.8	0	0	0
4000	4	4.37828	26269.7	0	5293.39	4446.69	0	25382.8	0	0	0
5000	5	4.42191	26531.4	0	5033.75	4590.63	0	25512.8	0	0	0
6000	6	4.4639	26783.4	0	5266.84	4587.23	0	25705.7	0	0	0
7000	7	4.46103	26766.2	0	4986.89	4623.64	0	25295.7	0	0	0
8000	8	4.3641	26184.6	0	4999.54	4463.2	0	25427.1	0	0	0
9000	9	4.47054	26823.3	0	5081.87	4516.29	0	25442.3	0	0	0
10000	10	4.52886	27173.2	0	4953.16	4274.29	0	25734.4	0	0	0
11000	11	4.46748	26804.9	0	5416.39	4458.06	0	25973.5	0	0	0
12000	12	4.40212	26412.7	0	5126.55	4602.99	0	25383.2	0	0	0
13000	13	4.51934	27116	0	4911.27	4383.13	0	25403.5	0	0	0
14000	14	4.32854	25971.3	0	5436.79	4345.77	0	25349.8	0	0	0
15000	15	4.36575	26194.5	0	5518.1	4537.85	0	25544.7	0	0	0
16000	16	4.46695	26801.7	0	5260.41	4487.48	0	25330.2	0	0	0
17000	17	4.40271	26416.3	0	5475.78	4347.45	0	26032.9	0	0	0
18000	18	4.4732	26839.2	0	5299.49	4513.6	0	25480.7	0	0	0
19000	19	4.35428	26125.7	0	5405.63	4395.93	0	25701.7	0	0	0
20000	20	4.48465	26907.9	0	5227.27	4388.13	0	25374.8	0	0	0
21000	21	4.43104	26586.2	0	5356.99	4553.78	0	25520.2	0	0	0
22000	22	4.37493	26249.6	0	5242.78	4359.2	0	25949.5	0	0	0
23000	23	4.49324	26959.4	0	5312.8	4520	0	25448	0	0	0
24000	24	4.41178	26470.7	0	5393.66	4737.42	0	25665.7	0	0	0
25000	25	4.49537	26972.2	0	5038.73	4277.55	0	25621.2	0	0	0
26000	26	4.40646	26438.8	0	5100.72	4416.32	0	25416.6	0	0	0
27000	27	4.32513	25950.8	0	5024.22	4564.06	0	25866.2	0	0	0
28000	28	4.4598	26758.8	0	5324.31	4414.25	0	25668.2	0	0	0
29000	29	4.41935	26516.1	0	5117.46	4538.64	0	25693.9	0	0	0
30000	30	4.38423	26305.4	0	5242.75	4552.69	0	25376.8	0	0	0
31000	31	4.41888	26513.3	0	5117.97	4379.65	0	25551	0	0	0
32000	32	4.32065	25923.9	0	5085.79	4445.52	0	25816.8	0	0	0
33000	33	4.57801	27468.1	0	5536.43	4366.13	0	25597.5	0	0	0
34000	34	4.43165	26589.9	0	5294.29	4447.62	0	25697.4	0	0	0
35000	35	4.46201	26772	0	5283.02	4636.87	0	25372.6	0	0	0
36000	36	4.48692	26921.5	0	5288.89	4456.99	0	25646.9	0	0	0
37000	37	4.44813	26688.8	0	5147.29	4474.49	0	26049.4	0	0	0
38000	38	4.41613	26496.8	0	5163.57	4397.42	0	25503.6	0	0	0
39000	39	4.45594	26735.6	0	5354.18	4365.09	0	25981.2	0	0	0
40000	40	4.45022	26701.3	0	5362.5	4323.38	0	25133.1	0	0	0
41000	41	4.44499	26669.9	0	5236.55	4464.1	0	25730.6	0	0	0
42000	42	4.50357	27021.4	0	5348.76	4480.23	0	25423.8	0	0	0
43000	43	4.33816	26029	0	5251.9	4504.96	0	25238.7	0	0	0
44000	44	4.39298	26357.9	0	5168.27	4444.5	0	25178.8	0	0	0
45000	45	4.45957	26757.4	0	5251.86	4462.08	0	25775.8	0	0	0
46000	46	4.38631	26317.8	0	5343.92	4546.54	0	25794.4	0	0	0
47000	47	4.56708	27402.5	0	5377.51	4243.06	0	25635.7	0	0	0
48000	48	4.36576	26194.6	0	5325.38	4498.5	0	25740.2	0	0	0
49000	49	4.44101	26646	0	5458.03	4403.47	0	25375.1	0	0	0
50000	50	4.43269	26596.1	0	5226.14	4416.82	0	25614.1	0	0	0
51000	51	4.42108	26526.5	0	5076.26	4358.47	0	25547.3	0	0	0
52000	52	4.48747	26924.8	0	5354.99	4284.36	0	25298.7	0	0	0
53000	53	4.41383	26483	0	5235.94	4573.51	0	25207.9	0	0	0
54000	54	4.50153	27009.2	0	5346.22	4674.14	0	25444.3	0	0	0
55000	55	4.47117	26827	0	5244.14	4333.66	0	25541	0	0	0
56000	56	4.37238	26234.3	0	5439.57	4394.89	0	25417.8	0	0	0
57000	57	4.49513	26970.8	0	5294.78	4584.54	0	25826.5	0	0	0
58000	58	4.40995	26459.7	0	5319.71	4576.05	0	25713.2	0	0	0
59000	59	4.43518	26611.1	0	5198.01	4448.04	0	25665.4	0	0	0
60000	60	4.33512	26010.7	0	5339.54	4338.35	0	25741.1	0	0	0
61000	61	4.40128	26407.7	0	5525.6	4327.57	0	25738.7	0	0	0
62000	62	4.50283	27017	0	5181.35	4455.89	0	25204.4	0	0	0
63000	63	4.58609	27516.6	0	5057.27	4535.32	0	25107.3	0	0	0
64000	64	4.38319	26299.2	0	5340.03	4337.31	0	25679.1	0	0	0
65000	65	4.41358	26481.5	0	5214.3	4458.84	0	25400.2	0	0	0
66000	66	4.45934	26756	0	5384.68	4443.88	0	25712.6	0	0	0
67000	67	4.41233	26474	0	5168.01	4289.23	0	25448.6	0	0	0
68000	68	4.45327	26719.6	0	5202.79	4407.19	0	24984.2	0	0	0
69000	69	4.42199	26531.9	0	5107.67	4548.8	0	25783.6	0	0	0
70000	70	4.40562	26433.7	0	5188.09	4394.41	0	25485.2	0	0	0
71000	71	4.45613	26736.8	0	5502.77	4707.97	0	25440.5	0	0	0
72000	72	4.36084	26165	0	5265.01	4521.12	0	25517.1	0	0	0
73000	73	4.45182	26710.9	0	5125.48	4545.43	0	25661.2	0	0	0
74000	74	4.38126	26287.6	0	5093.34	4524.57	0	25345.1	0	0	0
75000	75	4.42336	26540.2	0	5017.57	4268.84	0	25511.9	0	0	0
76000	76	4.37264	26235.8	0	5087.43	4525.85	0	25883.1	0	0	0
77000	77	4.44449	26666.9	0	5256.36	4166.49	0	25680.8	0	0	0
78000	78	4.41654	26499.3	0	5410.24	4315.14	0	25554.3	0	0	0
79000	79	4.43213	26592.8	0	5202.95	4393.27	0	25180.6	0	0	0
80000	80	4.41293	26477.6	0	4902.74	4119.11	0	25530.5	0	0	0
81000	81	4.38483	26309	0	5321.31	4578.97	0	25570.1	0	0	0
82000	82	4.36553	26193.2	0	5159.72	4499.49	0	25464.8	0	0	0
83000	83	4.38035	26282.1	0	5105.91	4331.21	0	25694.5	0	0	0
84000	84	4.42384	26543.1	0	5319.91	4747.13	0	25542.8	0	0	0
85000	85	4.47262	26835.7	0	5105.24	4568.77	0	25673.2	0	0	0
86000	86	4.4657	26794.2	0	4879.99	4573.63	0	25813.1	0	0	0
87000	87	4.42995	26579.7	0	5442.9	4507.5	0	25323.8	0	0	0
88000	88	4.44615	26676.9	0	5420.02	4444.9	0	25533.3	0	0	0
89000	89	4.52087	27125.2	0	5188.75	4327.48	0	25485.5	0	0	0
90000	90	4.38528	26311.7	0	5083.63	4544.86	0	26103.9	0	0	0
91000	91	4.4404	26642.4	0	5371.56	4572.97	0	25972	0	0	0
92000	92	4.43263	26595.8	0	5437.6	4477.17	0	25671.2	0	0	0
93000	93	4.53561	27213.7	0	5283.72	4367.07	0	25473.3	0	0	0
94000	94	4.44552	26673.1	0	5259	4351.93	0	25374	0	0	0
95000	95	4.38398	26303.9	0	5089.69	4696.35	0	25179.2	0	0	0
96000	96	4.45416	26725	0	5322.39	4467.14	0	25423.1	0	0	0
97000	97	4.51722	27103.3	0	5265.19	4633.78	0	25473.5	0	0	0
98000	98	4.41252	26475.1	0	5158.48	4385.7	0	25820.5	0	0	0
99000	99	4.48156	26889.3	0	5120.79	4343.63	0	25574.4	0	0	0
100000	100	4.48071	26884.2	0	5039.81	4244.37	0	25617.8	0	0	0
101000	101	4.38162	26289.7	0	5191.4	4473.96	0	25336.4	0	0	0
102000	102	4.54332	27259.9	0	5085.58	4547.48	0	25711.1	0	0	0
103000	103	4.45216	26712.9	0	5170.43	4430.29	0	25440.5	0	0	0
104000	104	4.45618	26737.1	0	5103.01	4219.05	0	26191.3	0	0	0
105000	105	4.43717	26623	0	5173.24	4300.91	0	26215.4	0	0	0
106000	106	4.52577	27154.6	0	5229.26	4414.14	0	25691	0	0	0
107000	107	4.50367	27022	0	5072.46	4309.27	0	25535.7	0	0	0
108000	108	4.3508	26104.8	0	5306.23	4336.91	0	25683	0	0	0
109000	109	4.42489	26549.3	0	5345.87	4637.43	0	25347	0	0	0
110000	110	4.41356	26481.3	0	5164.8	4551.9	0	25392.4	0	0	0
111000	111	4.42555	26553.3	0	5083.88	4359.35	0	25351.1	0	0	0
112000	112	4.48745	26924.7	0	5163.82	4429.21	0	25515.6	0	0	0
113000	113	4.51936	27116.2	0	5376.24	4246.31	0	25296.1	0	0	0
114000	114	4.49141	26948.5	0	5058.65	4547.68	0	25612.4	0	0	0
115000	115	4.50195	27011.7	0	5151.23	4432.19	0	25321.6	0	0	0
116000	116	4.46232	26773.9	0	5205.58	4647.39	0	25601	0	0	0
117000	117	4.45847	26750.8	0	5384.19	4371.11	0	25373.5	0	0	0
118000	118	4.39673	26380.4	0	5174.72	4371.19	0	25682.9	0	0	0
119000	119	4.2668	25600.8	0	5159.94	4132.22	0	25534.5	0	0	0
120000	120	4.4511	26706.6	0	5341.68	4327.12	0	25471.4	0	0	0
121000	121	4.39381	26362.9	0	5002.81	4585.83	0	25422.6	0	0	0
122000	122	4.445	26670	0	5246.16	4599.67	0	25205.2	0	0	0
123000	123	4.47097	26825.8	0	5172.87	4584.64	0	25082	0	0	0
124000	124	4.40138	26408.3	0	5048.63	4347.82	0	24994.5	0	0	0
125000	125	4.39208	26352.5	0	5356.28	4483.04	0	25031.3	0	0	0
126000	126	4.43928	26635.7	0	5097.5	4480.89	0	25287.1	0	0	0
127000	127	4.33672	26020.3	0	5179.28	4453.26	0	25667.6	0	0	0
128000	128	4.46679	26800.7	0	5273.97	4377.28	0	25566.8	0	0	0
129000	129	4.40343	26420.6	0	5279.29	4493.98	0	25501.9	0	0	0
130000	130	4.40186	26411.2	0	5081.45	4390.14	0	25483.3	0	0	0
131000	131	4.40523	26431.4	0	5032.02	4484.44	0	25426.1	0	0	0
132000	132	4.48153	26889.2	0	5424.67	4440.96	0	25660.9	0	0	0
133000	133	4.42746	26564.8	0	5091.85	4435.37	0	25377.5	0	0	0
134000	134	4.33249	25994.9	0	5172.54	4358.94	0	25497.8	0	0	0
135000	135	4.36806	26208.4	0	5159.38	4240.98	0	25705.6	0	0	0
136000	136	4.35328	26119.7	0	5361.18	4378.7	0	25703.5	0	0	0
137000	137	4.32731	25963.8	0	5477.8	4333.16	0	25681.1	0	0	0
138000	138	4.41602	26496.1	0	5110.42	4460.62	0	25391.4	0	0	0
139000	139	4.37672	26260.3	0	5211.4	4441.53	0	25389.4	0	0	0
140000	140	4.48976	26938.5	0	5385.12	4581.95	0	25124.6	0	0	0
141000	141	4.4338	26602.8	0	5082.58	4429.88	0	25437.2	0	0	0
142000	142	4.40631	26437.8	0	5323.98	4349.19	0	25359.1	0	0	0
143000	143	4.39631	26377.9	0	4967.74	4574.91	0	25015.2	0	0	0
144000	144	4.52405	27144.3	0	5133.27	4479.64	0	25641.7	0	0	0
145000	145	4.41565	26493.9	0	5051.58	4600.25	0	25120.8	0	0	0
146000	146	4.51689	27101.3	0	5355.52	4634.31	0	25886.8	0	0	0
147000	147	4.4706	26823.6	0	5235.02	4360.61	0	25457.5	0	0	0
148000	148	4.3999	26399.4	0	5043.05	4429.15	0	25513.6	0	0	0
149000	149	4.54398	27263.9	0	4809.67	4235.7	0	25461.2	0	0	0
150000	150	4.42964	26577.9	0	5358.48	4311.36	0	25695.6	0	0	0
151000	151	4.41978	26518.7	0	4946.03	4395.79	0	25854.2	0	0	0
152000	152	4.46111	26766.7	0	4924.95	4593.39	0	25664.9	0	0	0
153000	153	4.48403	26904.2	0	5647.07	4261.87	0	25464	0	0	0
154000	154	4.39425	26365.5	0	5380.29	4529.25	0	25730.5	0	0	0
155000	155	4.39062	26343.7	0	5200.87	4119.1	0	25939.2	0	0	0
156000	156	4.50602	27036.1	0	5341.97	4445.03	0	25584.5	0	0	0
157000	157	4.39893	26393.6	0	5290.4	4398.9	0	26034.8	0	0	0
158000	158	4.33113	25986.8	0	5276.32	4497.44	0	25703.5	0	0	0
159000	159	4.38103	26286.2	0	5171.18	4820.56	0	25365.1	0	0	0
160000	160	4.36674	26200.4	0	4880.31	4713.07	0	25403.7	0	0	0
161000	161	4.39735	26384.1	0	5341.25	4388.6	0	25674.5	0	0	0
162000	162	4.38869	26332.1	0	4928.25	4546.17	0	25622.6	0	0	0
163000	163	4.35541	26132.5	0	5100.16	4164.57	0	25224.1	0	0	0
164000	164	4.36513	26190.8	0	5135.34	4686.02	0	25592.2	0	0	0
165000	165	4.49385	26963.1	0	5004.6	4680.27	0	25849.9	0	0	0
166000	166	4.47997	26879.8	0	5103.77	4561.8	0	25876.3	0	0	0
167000	167	4.38108	26286.5	0	4916.43	4415.04	0	25673.8	0	0	0
168000	168	4.4354	26612.4	0	5268.07	4446.59	0	25938	0	0	0
169000	169	4.44884	26693.1	0	5161.46	4381.52	0	25484	0	0	0
170000	170	4.44923	26695.4	0	5211.98	4224.03	0	25482.4	0	0	0
171000	171	4.4272	26563.2	0	5309.16	4584.53	0	25834.5	0	0	0
172000	172	4.429	26574	0	4886.88	4373.22	0	25681.3	0	0	0
173000	173	4.47274	26836.4	0	5360.21	4534.17	0	26197	0	0	0
174000	174	4.37434	26246	0	4890.5	4680.04	0	25497.3	0	0	0
175000	175	4.32991	25979.5	0	5138.46	4359.22	0	25684.2	0	0	0
176000	176	4.44957	26697.4	0	5277.84	4330.46	0	25413.1	0	0	0
177000	177	4.39544	26372.6	0	5367.12	4516.59	0	25160	0	0	0
178000	178	4.35538	26132.3	0	5452.67	4441.84	0	25077.9	0	0	0
179000	179	4.48191	26891.5	0	5609.47	4711.68	0	25367	0	0	0
180000	180	4.44052	26643.1	0	5059	4761.17	0	24959	0	0	0
181000	181	4.44203	26652.2	0	5363.43	4607.6	0	25213.2	0	0	0
182000	182	4.47172	26830.3	0	5378	4263.96	0	25599.9	0	0	0
183000	183	4.42374	26542.4	0	5170.44	4548.66	0	25674.7	0	0	0
184000	184	4.50366	27022	0	5294.3	4405.63	0	25334.8	0	0	0
185000	185	4.4323	26593.8	0	5349.49	4652.77	0	25538.2	0	0	0
186000	186	4.41933	26516	0	5406.91	4418.89	0	25340.3	0	0	0
187000	187	4.26151	25569	0	5328.23	4461.55	0	24905.6	0	0	0
188000	188	4.48971	26938.3	0	5322.81	4560.38	0	25628.4	0	0	0
189000	189	4.437	26622	0	5281.02	4463.59	0	25320.8	0	0	0
190000	190	4.38191	26291.5	0	5020.02	4414.32	0	26023.8	0	0	0
191000	191	4.49744	26984.6	0	5248.03	4306.87	0	25451.1	0	0	0
192000	192	4.51189	27071.4	0	5103.73	4553.56	0	25797.5	0	0	0
193000	193	4.34364	26061.9	0	5260.66	4372.03	0	25234	0	0	0
194000	194	4.4281	26568.6	0	5327.81	4542.77	0	25487.3	0	0	0
195000	195	4.55453	27327.2	0	5390.78	4306.44	0	25184.7	0	0	0
196000	196	4.38657	26319.4	0	5090.16	4215.34	0	25446	0	0	0
197000	197	4.38776	26326.6	0	5321.28	4369.71	0	25200.2	0	0	0
198000	198	4.51077	27064.6	0	5062.46	4151.11	0	24993.3	0	0	0
199000	199	4.42889	26573.4	0	5300.65	4301.97	0	25242.9	0	0	0
200000	200	4.42482	26548.9	0	5455.46	4119.72	0	25590.9	0	0	0
201000	201	4.39966	26398	0	5167.03	4622.07	0	25765.1	0	0	0
202000	202	4.49954	26997.2	0	5171.45	4379.78	0	25370.9	0	0	0
203000	203	4.545	27270	0	5606.36	4360.61	0	25427.4	0	0	0
204000	204	4.43582	26614.9	0	5115.61	4275.16	0	25445.7	0	0	0
205000	205	4.35469	26128.1	0	5283.34	4316.28	0	25616	0	0	0
206000	206	4.40042	26402.5	0	5344.44	4299.44	0	25786.9	0	0	0
207000	207	4.38592	26315.5	0	5223.62	4552.4	0	25926.3	0	0	0
208000	208	4.48224	26893.4	0	5445.23	4486.78	0	26157.6	0	0	0
209000	209	4.4031	26418.6	0	5101.47	4466.53	0	25919.6	0	0	0
210000	210	4.44429	26665.7	0	5140.6	4518.11	0	25325	0	0	0
211000	211	4.44388	26663.3	0	5442.4	4394.73	0	25709.7	0	0	0
212000	212	4.53499	27210	0	5421.11	4384.07	0	25873.3	0	0	0
213000	213	4.48791	26927.5	0	4793.1	4380.41	0	25735.4	0	0	0
214000	214	4.40261	26415.7	0	5253.51	4298.83	0	25421.3	0	0	0
215000	215	4.46644	26798.6	0	5238.97	4408.23	0	25484.5	0	0	0
216000	216	4.4327	26596.2	0	5239.1	4418.57	0	25554.7	0	0	0
217000	217	4.49237	26954.2	0	5172.81	4501.13	0	25853.4	0	0	0
218000	218	4.4469	26681.4	0	5160.31	4441.8	0	25799.6	0	0	0
219000	219	4.36859	26211.6	0	5407.13	4546.59	0	25613.7	0	0	0
220000	220	4.44153	26649.2	0	5128.83	4461.03	0	25865	0	0	0
221000	221	4.38322	26299.3	0	5447.95	4395.12	0	25647.3	0	0	0
222000	222	4.49999	26999.9	0	5192.11	4359.28	0	25681.6	0	0	0
223000	223	4.43548	26612.9	0	5060.2	4214.61	0	25750.9	0	0	0
224000	224	4.43652	26619.1	0	5451.95	4479.86	0	25225.7	0	0	0
225000	225	4.41179	26470.7	0	5216.87	4665.81	0	25345.4	0	0	0
226000	226	4.39949	26396.9	0	5387.93	4364.42	0	25431	0	0	0
227000	227	4.44984	26699	0	5165.76	4549.71	0	25395.9	0	0	0
228000	228	4.45632	26737.9	0	5213.97	4513.84	0	25630.9	0	0	0
229000	229	4.37775	26266.5	0	5163.74	4319.87	0	25482.9	0	0	0
230000	230	4.43643	26618.6	0	5137.28	4478.16	0	25479.7	0	0	0
231000	231	4.47723	26863.4	0	4810.49	4253.23	0	25758	0	0	0
232000	232	4.48493	26909.6	0	5374.53	4089.26	0	25286.8	0	0	0
233000	233	4.48728	26923.7	0	5155.31	4372.64	0	25377.3	0	0	0
234000	234	4.44843	26690.6	0	4895.01	4483.71	0	25403.5	0	0	0
235000	235	4.46597	26795.8	0	4916.6	4312.72	0	25688.5	0	0	0
236000	236	4.45535	26732.1	0	5190.03	4466.98	0	25398.3	0	0	0
237000	237	4.3898	26338.8	0	4851.62	4380.26	0	25660.4	0	0	0
238000	238	4.36024	26161.5	0	5073.25	4204.65	0	25790.2	0	0	0
239000	239	4.43701	26622.1	0	5064.59	4204.41	0	25817	0	0	0
240000	240	4.37277	26236.6	0	5249.28	4223.23	0	25641.8	0	0	0
241000	241	4.48036	26882.2	0	5386.85	4214.3	0	25365.9	0	0	0
242000	242	4.43376	26602.6	0	5354.25	4691.33	0	25490.7	0	0	0
243000	243	4.50014	27000.8	0	4984.77	4315.65	0	25853.3	0	0	0
244000	244	4.40986	26459.2	0	5326.85	4404.24	0	25964.2	0	0	0
245000	245	4.33252	25995.1	0	5095.85	4523.56	0	25584.4	0	0	0
246000	246	4.38957	26337.4	0	5291.85	4502.03	0	25620.4	0	0	0
247000	247	4.4093	26455.8	0	4989.13	4364.68	0	25204.3	0	0	0
248000	248	4.40539	26432.3	0	5154.3	4342.05	0	25255.7	0	0	0
249000	249	4.41466	26487.9	0	5381.11	4259.52	0	25233.8	0	0	0
250000	250	4.50654	27039.3	0	5173.72	4303.89	0	25806.2	0	0	0
251000	251	4.4573	26743.8	0	4987.83	4823.74	0	25652.4	0	0	0
252000	252	4.37434	26246.1	0	5040.42	4503.08	0	25742.7	0	0	0
253000	253	4.32556	25953.4	0	4966.44	4333.8	0	25869.3	0	0	0
254000	254	4.46035	26762.1	0	4995.23	4480.23	0	25411.5	0	0	0
255000	255	4.43003	26580.2	0	5172.51	4363.98	0	25240.5	0	0	0
256000	256	4.41707	26502.4	0	5254.34	4188.1	0	25499.6	0	0	0
257000	257	4.40228	26413.7	0	5487.29	4407.33	0	25724.8	0	0	0
258000	258	4.42914	26574.8	0	5226.45	4196.1	0	25583.5	0	0	0
259000	259	4.44288	26657.3	0	5083.32	4491.46	0	25102.9	0	0	0
260000	260	4.43274	26596.4	0	5312.2	4419.24	0	25173.4	0	0	0
261000	261	4.41345	26480.7	0	5319.93	4567.57	0	25750.2	0	0	0
262000	262	4.45975	26758.5	0	4889.84	4575.32	0	25258.5	0	0	0
263000	263	4.4204	26522.4	0	5297.26	4548.89	0	25806.1	0	0	0
264000	264	4.42643	26558.6	0	5107.38	4402.98	0	25604	0	0	0
265000	265	4.48524	26911.5	0	5114.18	4251.19	0	25732.2	0	0	0
266000	266	4.53341	27200.5	0	5210.4	4424.94	0	25454.4	0	0	0
267000	267	4.37486	26249.1	0	5251.72	4567.94	0	25792.4	0	0	0
268000	268	4.32749	25965	0	5318.95	4447.24	0	25655.1	0	0	0
269000	269	4.39485	26369.1	0	5299.13	4394.68	0	25472	0	0	0
270000	270	4.46923	26815.4	0	5302.31	4585.65	0	25715.8	0	0	0
271000	271	4.43451	26607	0	5366.78	4437.58	0	25747.1	0	0	0
272000	272	4.44858	26691.5	0	5073.42	4260.36	0	25770.6	0	0	0
273000	273	4.54012	27240.7	0	5146.84	4296.33	0	25395.1	0	0	0
274000	274	4.40725	26443.5	0	4909.48	4395.5	0	25463.7	0	0	0
275000	275	4.4213	26527.8	0	5309.27	4285.37	0	25437.3	0	0	0
276000	276	4.44313	26658.8	0	5085.28	4651.99	0	25524.6	0	0	0
277000	277	4.50637	27038.2	0	5243.55	4769.62	0	25518.7	0	0	0
278000	278	4.48354	26901.2	0	5255.92	4304.96	0	25588.4	0	0	0
279000	279	4.41622	26497.3	0	4920.39	4608.59	0	25426.8	0	0	0
280000	280	4.36675	26200.5	0	5398.3	4873.28	0	25503.4	0	0	0
281000	281	4.41896	26513.8	0	5079.2	4558.09	0	25031.4	0	0	0
282000	282	4.41917	26515	0	5039.66	4385.22	0	25280.9	0	0	0
283000	283	4.4015	26409	0	5043.96	4359.79	0	25003.5	0	0	0
284000	284	4.43041	26582.5	0	5138.92	4474.45	0	25363.8	0	0	0
285000	285	4.4816	26889.6	0	5214.15	4402.2	0	25448.6	0	0	0
286000	286	4.40535	26432.1	0	4962.51	4433.76	0	25690.3	0	0	0
287000	287	4.43118	26587.1	0	5181.61	4366.03	0	25579.2	0	0	0
288000	288	4.42143	26528.6	0	5131.94	4241.56	0	25981.3	0	0	0
289000	289	4.43029	26581.8	0	5064.06	4514.37	0	25929	0	0	0
290000	290	4.46785	26807.1	0	4915.74	4416.46	0	25426	0	0	0
291000	291	4.41303	26478.2	0	5328.01	4516.02	0	25201.3	0	0	0
292000	292	4.43813	26628.8	0	5195.94	4325.88	0	25971.5	0	0	0
293000	293	4.4271	26562.6	0	4996.06	4322.55	0	25211.7	0	0	0
294000	294	4.47427	26845.6	0	5170.85	4204.38	0	25242.8	0	0	0
295000	295	4.49427	26965.6	0	4979.27	4202.51	0	25594.2	0	0	0
296000	296	4.35951	26157	0	5165.96	4327.82	0	25775.8	0	0	0
297000	297	4.44399	26664	0	5355.59	4430.42	0	25483.7	0	0	0
298000	298	4.37881	26272.8	0	5328.51	4276.1	0	25231.6	0	0	0
299000	299	4.39625	26377.5	0	4938.2	4524.81	0	25543.2	0	0	0
300000	300	4.54321	27259.2	0	4900.87	4900.17	0	25566.8	0	0	0
301000	301	4.41848	26510.9	0	5387.09	4541.34	0	25958.9	0	0	0
302000	302	4.42121	26527.3	0	4867.99	4394.38	0	25569.3	0	0	0
303000	303	4.34827	26089.6	0	5198.39	4403.99	0	25856.4	0	0	0
304000	304	4.46723	26803.4	0	4931.27	4236.4	0	25594.9	0	0	0
305000	305	4.3373	26023.8	0	5414.38	4359.67	0	25695.7	0	0	0
306000	306	4.36706	26202.3	0	5370.66	4557.02	0	25429.5	0	0	0
307000	307	4.39531	26371.9	0	5293.41	4277	0	25402.7	0	0	0
308000	308	4.42635	26558.1	0	4965.96	4310.41	0	25377.1	0	0	0
309000	309	4.3793	26275.8	0	5403.49	4528.31	0	25540.3	0	0	0
310000	310	4.41702	26502.1	0	5355.16	4236.15	0	25587.2	0	0	0
311000	311	4.41905	26514.3	0	5155.98	4448.5	0	25628.7	0	0	0
312000	312	4.46755	26805.3	0	5546.37	4395.28	0	25609.7	0	0	0
313000	313	4.44917	26695	0	5292.45	4409.93	0	25657.3	0	0	0
314000	314	4.44947	26696.8	0	5087.9	4552.08	0	25495.2	0	0	0
315000	315	4.40756	26445.3	0	4960.09	4360.81	0	25934.9	0	0	0
316000	316	4.52485	27149.1	0	5104.16	4638.15	0	25688.1	0	0	0
317000	317	4.35779	26146.7	0	5270.69	4232.88	0	25072.9	0	0	0
318000	318	4.44815	26688.9	0	4949.43	4287.96	0	25379.9	0	0	0
319000	319	4.5146	27087.6	0	4981.6	4228.63	0	25551.7	0	0	0
320000	320	4.47406	26844.3	0	5324.05	4419.08	0	24992.5	0	0	0
321000	321	4.41104	26466.2	0	5027.19	4510.83	0	25459.8	0	0	0
322000	322	4.38062	26283.7	0	5027.62	4311.63	0	25911.3	0	0	0
323000	323	4.49421	26965.3	0	5299.73	4447.79	0	25466.8	0	0	0
324000	324	4.30876	25852.6	0	5031.11	4336.22	0	25334.6	0	0	0
325000	325	4.51503	27090.2	0	5175.81	4541.37	0	25978.8	0	0	0
326000	326	4.4228	26536.8	0	5087.28	4500.99	0	25679.9	0	0	0
327000	327	4.43923	26635.4	0	5433.51	4465.74	0	26054.4	0	0	0
328000	328	4.35996	26159.8	0	5206.25	4354.32	0	25275.1	0	0	0
329000	329	4.43848	26630.9	0	5590.26	4486.96	0	26111.1	0	0	0
330000	330	4.38768	26326.1	0	5301.51	4483.15	0	25457	0	0	0
331000	331	4.45004	26700.2	0	5564.98	4297.35	0	25811.6	0	0	0
332000	332	4.39075	26344.5	0	5255.37	4260.92	0	25855.6	0	0	0
333000	333	4.43172	26590.3	0	5396.59	4433.98	0	25695.6	0	0	0
334000	334	4.35287	26117.2	0	5149.28	4360.66	0	25869.2	0	0	0
335000	335	4.38061	26283.7	0	5167.64	4428.85	0	25659.9	0	0	0
336000	336	4.39182	26350.9	0	5115.08	4417.95	0	25779	0	0	0
337000	337	4.41349	26480.9	0	5269.35	4317.74	0	25835.7	0	0	0
338000	338	4.39442	26366.5	0	5138	4123.22	0	25642.3	0	0	0
339000	339	4.55837	27350.2	0	5224.98	4407.24	0	25651.1	0	0	0
340000	340	4.49515	26970.9	0	5272.16	4464.86	0	25864.7	0	0	0
341000	341	4.33495	26009.7	0	5412.07	4698.08	0	25394.5	0	0	0
342000	342	4.41198	26471.9	0	5309.66	4293.92	0	25704.8	0	0	0
343000	343	4.43569	26614.2	0	5319.41	4264.74	0	25104.3	0	0	0
344000	344	4.48554	26913.2	0	5629.72	4281.68	0	25040.4	0	0	0
345000	345	4.36555	26193.3	0	5251.45	4270.92	0	25731	0	0	0
346000	346	4.46892	26813.5	0	5240.12	4297.43	0	25485.5	0	0	0
347000	347	4.39308	26358.5	0	4965.03	4368.42	0	25736.5	0	0	0
348000	348	4.491	26946	0	5446.69	4426.58	0	25267.1	0	0	0
349000	349	4.5435	27261	0	5127.26	4536.53	0	25302.4	0	0	0
350000	350	4.4093	26455.8	0	5208.3	4452.39	0	25751.5	0	0	0
351000	351	4.40411	26424.7	0	5372.4	4628.74	0	25374.2	0	0	0
352000	352	4.44298	26657.9	0	5037.04	4263.06	0	25356.7	0	0	0
353000	353	4.4377	26626.2	0	5286.88	4284.7	0	25360.8	0	0	0
354000	354	4.43438	26606.3	0	5236.77	4418.27	0	25763.9	0	0	0
355000	355	4.37383	26243	0	5094.71	4451.29	0	25289.6	0	0	0
356000	356	4.47885	26873.1	0	5148.15	4399.42	0	25055.9	0	0	0
357000	357	4.46672	26800.3	0	5168.03	4349.27	0	25546.4	0	0	0
358000	358	4.32548	25952.9	0	5241.87	4486.78	0	25256.8	0	0	0
359000	359	4.49209	26952.5	0	5384.5	4243.05	0	25194	0	0	0
360000	360	4.44023	26641.4	0	5090.37	4513.91	0	25795	0	0	0
361000	361	4.47088	26825.3	0	5286.6	4320.77	0	25464.4	0	0	0
362000	362	4.37179	26230.7	0	5042.6	4372.02	0	25564.7	0	0	0
363000	363	4.38377	26302.6	0	5255.3	4372.06	0	25107.1	0	0	0
364000	364	4.37469	26248.2	0	5354.43	4521.69	0	25553.2	0	0	0
365000	365	4.46436	26786.1	0	5208.55	4615.26	0	25398.6	0	0	0
366000	366	4.48276	26896.6	0	5201.03	4603.04	0	25472.1	0	0	0
367000	367	4.43711	26622.7	0	5370.67	4582.04	0	25380.3	0	0	0
368000	368	4.40939	26456.4	0	5417.11	4606.39	0	25618.8	0	0	0
369000	369	4.46188	26771.3	0	5097.11	4353.75	0	25800.1	0	0	0
370000	370	4.35657	26139.4	0	5001.81	4362.64	0	25955.2	0	0	0
371000	371	4.46381	26782.9	0	5244.89	4517.43	0	25803.8	0	0	0
372000	372	4.50227	27013.6	0	4930.19	4387.8	0	25716.6	0	0	0
373000	373	4.38155	26289.3	0	5176.93	4475.43	0	25338.4	0	0	0
374000	374	4.40086	26405.1	0	5009.3	4513.49	0	25455.5	0	0	0
375000	375	4.51142	27068.5	0	5317.63	4293.14	0	25050	0	0	0
376000	376	4.4682	26809.2	0	5384.97	4624.07	0	25298.6	0	0	0
377000	377	4.43506	26610.4	0	5266.63	4164.42	0	25720.7	0	0	0
378000	378	4.50459	27027.5	0	5215.18	4403.02	0	25788.6	0	0	0
379000	379	4.35206	26112.3	0	5114.41	4285.68	0	25530.3	0	0	0
380000	380	4.39324	26359.4	0	5206.02	4450	0	25184.2	0	0	0
381000	381	4.43674	26620.4	0	5222.79	4405.55	0	25401.3	0	0	0
382000	382	4.48741	26924.4	0	5069.92	4510	0	25870.8	0	0	0
383000	383	4.42566	26553.9	0	5231.91	4526.86	0	25992.6	0	0	0
384000	384	4.51757	27105.4	0	5244.45	4286.01	0	25998	0	0	0
385000	385	4.41875	26512.5	0	5178.8	4670.57	0	25970.9	0	0	0
386000	386	4.41417	26485	0	5213.45	4263.52	0	25761.4	0	0	0
387000	387	4.44524	26671.4	0	5366.8	4431.45	0	25605.6	0	0	0
388000	388	4.43056	26583.4	0	5274.07	4299.01	0	25121.8	0	0	0
389000	389	4.45787	26747.2	0	5088.96	4620.05	0	25370.4	0	0	0
390000	390	4.44425	26665.5	0	5258.59	4619.49	0	25321.6	0	0	0
391000	391	4.47267	26836	0	5239.99	4352.19	0	25839.9	0	0	0
392000	392	4.41849	26511	0	5174.68	4295.85	0	26390.5	0	0	0
393000	393	4.47861	26871.7	0	5055.38	4683.01	0	25692.9	0	0	0
394000	394	4.38895	26333.7	0	5194.7	4731.86	0	25360	0	0	0
395000	395	4.41343	26480.6	0	5081.6	4255.71	0	25144.7	0	0	0
396000	396	4.4574	26744.4	0	5368.81	4505.89	0	25803.6	0	0	0
397000	397	4.53183	27191	0	5270.23	4691.45	0	25871.2	0	0	0
398000	398	4.39921	26395.3	0	4973.23	4386.36	0	25007.5	0	0	0
399000	399	4.42089	26525.3	0	5088.21	4500.29	0	25621	0	0	0
400000	400	4.48952	26937.1	0	5132.54	4328.34	0	25190.4	0	0	0
401000	401	4.48565	26913.9	0	5246.25	4461.55	0	25653	0	0	0
402000	402	4.41175	26470.5	0	5202.35	4419.54	0	25908.8	0	0	0
403000	403	4.35771	26146.2	0	5005.63	4425.3	0	25684.9	0	0	0
404000	404	4.46248	26774.9	0	5326.64	4221.61	0	25609.7	0	0	0
405000	405	4.40372	26422.3	0	5373.01	4487.78	0	25652.2	0	0	0
406000	406	4.43774	26626.4	0	5408.33	4541.95	0	25634.1	0	0	0
407000	407	4.41914	26514.8	0	5276.21	4404.88	0	25316.9	0	0	0
408000	408	4.3672	26203.2	0	5064.8	4566.46	0	25667.8	0	0	0
409000	409	4.45583	26735	0	5140.02	4541.7	0	25532.8	0	0	0
410000	410	4.44784	26687.1	0	5235.96	4494.41	0	25649.1	0	0	0
411000	411	4.49245	26954.7	0	5149.69	4394.45	0	25251.6	0	0	0
412000	412	4.43693	26621.6	0	5228.21	4281.44	0	25598.7	0	0	0
413000	413	4.40205	26412.3	0	5401.55	4515.68	0	25801.4	0	0	0
414000	414	4.42471	26548.3	0	5482.32	4326.82	0	25864.4	0	0	0
415000	415	4.45467	26728	0	5334.79	4259.13	0	25740.1	0	0	0
416000	416	4.33079	25984.7	0	5151.93	4452.87	0	25782.1	0	0	0
417000	417	4.45683	26741	0	5268.18	4300.13	0	25947.5	0	0	0
418000	418	4.541	27246	0	5172.95	4476.8	0	25411.2	0	0	0
419000	419	4.33752	26025.1	0	5070.12	4476.2	0	25602.2	0	0	0
420000	420	4.34072	26044.3	0	5386.55	4417.31	0	25648	0	0	0
421000	421	4.51928	27115.7	0	5192.62	4087.75	0	25940.9	0	0	0
422000	422	4.37925	26275.5	0	5052.8	4517.48	0	25362.2	0	0	0
423000	423	4.4808	26884.8	0	5481.67	4149.47	0	25420.6	0	0	0
424000	424	4.45066	26703.9	0	5523.06	4437.37	0	25545.2	0	0	0
425000	425	4.50228	27013.7	0	5334.8	4642.8	0	25616	0	0	0
426000	426	4.35597	26135.8	0	5210.6	4488.86	0	25595	0	0	0
427000	427	4.45912	26754.7	0	5441.08	4411.51	0	25496.6	0	0	0
428000	428	4.47482	26848.9	0	5203.96	4546.15	0	25460	0	0	0
429000	429	4.45426	26725.6	0	5204.4	4585	0	25926.2	0	0	0
430000	430	4.44513	26670.8	0	5325.49	4356.1	0	25410.9	0	0	0
431000	431	4.36634	26198	0	5255.29	4479.01	0	25615.9	0	0	0
432000	432	4.46524	26791.5	0	5355.45	4332.17	0	25541.7	0	0	0
433000	433	4.52528	27151.7	0	5131.82	4547.25	0	25638.4	0	0	0
434000	434	4.47087	26825.2	0	5321.2	4233.91	0	25145.1	0	0	0
435000	435	4.42716	26562.9	0	5212.62	4435.06	0	25651.2	0	0	0
436000	436	4.39721	26383.3	0	5513.95	4327.97	0	25259.7	0	0	0
437000	437	4.43723	26623.4	0	5338.05	4447.33	0	24978	0	0	0
438000	438	4.46018	26761.1	0	5489.95	4670.81	0	25053.6	0	0	0
439000	439	4.35868	26152.1	0	5147.88	4248.9	0	25436.6	0	0	0
440000	440	4.42191	26531.4	0	4971.66	4526.62	0	25531.7	0	0	0
441000	441	4.35624	26137.5	0	4894.41	4669.34	0	25629.3	0	0	0
442000	442	4.49634	26978	0	5081.08	4472.8	0	25636.6	0	0	0
443000	443	4.50768	27046.1	0	5117.96	4241.66	0	25804.2	0	0	0
444000	444	4.42434	26546.1	0	5201.77	4563.1	0	25854.8	0	0	0
445000	445	4.47962	26877.7	0	4953.28	4468.21	0	25817.1	0	0	0
446000	446	4.39052	26343.1	0	5051.85	4169.83	0	25713.9	0	0	0
447000	447	4.39235	26354.1	0	5091.62	4444.22	0	25859.7	0	0	0
448000	448	4.46144	26768.6	0	5233.25	4314.14	0	25967	0	0	0
449000	449	4.34437	26066.2	0	5288.11	4548.25	0	25480.7	0	0	0
450000	450	4.40188	26411.3	0	5461.9	4648.97	0	25489.6	0	0	0
451000	451	4.49735	26984.1	0	5226.88	4685.22	0	25607.6	0	0	0
452000	452	4.39279	26356.8	0	5173.69	4611.52	0	25577.1	0	0	0
453000	453	4.41382	26482.9	0	5490.33	4122.25	0	25197.6	0	0	0
454000	454	4.5158	27094.8	0	5190.31	4327.5	0	25621.8	0	0	0
455000	455	4.4394	26636.4	0	5291.62	4360.34	0	25443.1	0	0	0
456000	456	4.42355	26541.3	0	5486.43	4187.28	0	25541.3	0	0	0
457000	457	4.39947	26396.8	0	5418.8	4696.45	0	25356.9	0	0	0
458000	458	4.37422	26245.3	0	5135.03	4394.7	0	25540	0	0	0
459000	459	4.3626	26175.6	0	5251.51	4435.95	0	26056.6	0	0	0
460000	460	4.3897	26338.2	0	4922	4633.34	0	25610.7	0	0	0
461000	461	4.35565	26133.9	0	5116.22	4434.36	0	25624.2	0	0	0
462000	462	4.49395	26963.7	0	5387.5	4258.33	0	25722.1	0	0	0
463000	463	4.49876	26992.5	0	5277.55	4390.74	0	25925.4	0	0	0
464000	464	4.46218	26773.1	0	5388.88	4232.47	0	25466.9	0	0	0
465000	465	4.45896	26753.8	0	5097.57	4403.01	0	26620.1	0	0	0
466000	466	4.43528	26611.7	0	5071.08	4296.62	0	26056.4	0	0	0
467000	467	4.488	26928	0	5229.21	4141.77	0	25731.2	0	0	0
468000	468	4.46868	26812.1	0	5319.17	4385.88	0	25748.4	0	0	0
469000	469	4.48559	26913.6	0	5019.27	4243.79	0	25691.8	0	0	0
470000	470	4.45733	26744	0	5314.58	4540.34	0	25728.5	0	0	0
471000	471	4.36059	26163.5	0	5371.09	4398.82	0	25814	0	0	0
472000	472	4.35465	26127.9	0	4891.01	4439.59	0	25696	0	0	0
473000	473	4.41821	26509.3	0	5201.78	4536.73	0	25311.6	0	0	0
474000	474	4.52349	27141	0	5073.03	4382.02	0	25853.1	0	0	0
475000	475	4.42843	26570.6	0	5072.1	4309.42	0	25407	0	0	0
476000	476	4.39879	26392.7	0	5196.42	4397.98	0	25757.8	0	0	0
477000	477	4.37869	26272.2	0	4702.85	4534.65	0	25383.3	0	0	0
478000	478	4.43073	26584.4	0	5333.24	4275.7	0	25216.6	0	0	0
479000	479	4.37822	26269.3	0	5362.9	4433.27	0	25327.1	0	0	0
480000	480	4.39504	26370.3	0	4924.09	4466.61	0	25587.1	0	0	0
481000	481	4.48276	26896.6	0	5509.42	4578.85	0	25870.1	0	0	0
482000	482	4.4989	26993.4	0	4948.42	4210.74	0	25318.8	0	0	0
483000	483	4.42194	26531.6	0	5264.83	4236.75	0	25231.2	0	0	0
484000	484	4.46375	26782.5	0	5212.13	4446.82	0	25166.4	0	0	0
485000	485	4.50269	27016.2	0	5205.31	4232.56	0	25678.4	0	0	0
486000	486	4.39434	26366	0	5431.45	4319.89	0	25760.6	0	0	0
487000	487	4.44535	26672.1	0	5060.51	4363.52	0	25518.1	0	0	0
488000	488	4.37009	26220.6	0	5139.89	4015.23	0	25531.9	0	0	0
489000	489	4.44742	26684.5	0	5124.98	4289.24	0	25137	0	0	0
490000	490	4.39842	26390.5	0	5132.03	4587.03	0	25190.1	0	0	0
491000	491	4.47497	26849.8	0	5131.52	4300.87	0	25161.9	0	0	0
492000	492	4.42546	26552.7	0	5325.06	4430.39	0	25210.3	0	0	0
493000	493	4.41053	26463.2	0	5265.09	4577.04	0	25596.7	0	0	0
494000	494	4.49952	26997.1	0	5285.69	4409.26	0	25462.2	0	0	0
495000	495	4.39707	26382.4	0	5294.36	4452.11	0	25287.1	0	0	0
496000	496	4.40116	26406.9	0	5277.42	4434.16	0	25420	0	0	0
497000	497	4.45411	26724.6	0	5050.14	4495.2	0	25187	0	0	0
498000	498	4.40896	26453.7	0	4938.14	4634.27	0	25886.1	0	0	0
499000	499	4.40175	26410.5	0	5099.04	4636.4	0	25822.3	0	0	0
500000	500	4.44578	26674.7	0	5130.83	4146.14	0	26030.5	0	0	0
501000	501	3.91785	23507.1	238781	41967.4	5119.03	1595.67	25332.5	0	0.361	722
502000	502	4.32687	25961.2	191482	78502.2	5558.68	6770.46	24303.1	0	0.6155	1231
503000	503	4.65817	27949	69397.2	33437.5	4863.37	6045.66	23863	0	0.696	1392
504000	504	4.62144	27728.6	41413.6	34561.7	5143.08	5852.24	23491.1	0	0.739	1478
505000	505	4.73117	28387	25426.5	18861.3	4665.88	5468.17	23368.8	0	0.7635	1527
506000	506	4.77323	28639.4	16502	16837.8	5047.74	5568.87	22820.8	0	0.777	1554
507000	507	4.75786	28547.1	11363.2	9110.04	4569.33	5679.76	23012	0	0.787	1574
508000	508	4.73107	28386.4	11762.6	9265.14	4803.6	5644.97	22823.7	0	0.7965	1593
509000	509	4.70593	28235.6	8575.4	8832.6	5047.07	5719.36	22811.7	0	0.8025	1605
510000	510	4.57453	27447.2	8885.46	10449.8	4885.61	5542.28	22843.3	0	0.8075	1615
511000	511	4.69078	28144.7	8040.33	10011.8	4877.31	5654.44	22895.1	0	0.812	1624
512000	512	4.67565	28053.9	9772.66	9622.34	4682.12	5678.14	22666.7	0	0.8185	1637
513000	513	4.7096	28257.6	11074.4	10626.8	4805.69	5727.38	22580.1	0	0.8265	1653
514000	514	4.65773	27946.4	8555.74	7781.37	4816.82	5889.18	22835.6	0	0.8325	1665
515000	515	4.70523	28231.4	7540.83	7898.19	4799.09	5915.74	22253.7	0	0.8365	1673
516000	516	4.66791	28007.5	6990.96	8664.54	4734.85	5968.65	22912.4	0	0.84	1680
517000	517	4.70007	28200.4	4877.03	7768.25	4895.19	5919.8	22573.2	0	0.841	1682
518000	518	4.70867	28252	7115.73	9495.58	5057.76	6160.79	23108.3	0	0.8455	1691
519000	519	4.72086	28325.1	5682.74	8081.14	5045.99	5952.94	23032.6	0	0.8475	1695
520000	520	4.61206	27672.4	6695.15	8902.33	4562.67	6029.73	22512.4	0	0.8505	1701
521000	521	4.6093	27655.8	4295.3	8539.71	4823.97	6020.53	22608.5	0	0.851	1702
522000	522	4.76839	28610.3	6636.65	10468	5179.97	5925.37	22481.7	0	0.8535	1707
523000	523	4.71518	28291.1	6951.05	9046.91	5027.89	6000.68	22873.7	0	0.857	1714
524000	524	4.57959	27477.6	5490.67	7905.6	4876.76	6204.85	22676.8	0	0.859	1718
525000	525	4.66459	27987.5	4606	7370.83	4739.31	6160.34	22542.8	0	0.8595	1719
526000	526	4.65783	27947	6292.79	8324.93	4942.19	6053.52	22628.6	0	0.862	1724
527000	527	4.7897	28738.2	4873.99	7967.56	5122.71	6071.25	22710.4	0	0.863	1726
528000	528	4.75731	28543.9	4795.86	9119.6	4492.39	5916.83	22402	0	0.8635	1727
529000	529	5.18544	31112.7	6179.36	8276.13	7044.67	6070.26	22642	0	0.865	1730
530000	530	4.6868	28120.8	5111.99	7475.22	4920.14	6132.61	22632.3	0	0.866	1732
531000	531	4.74775	28486.5	6854.51	9434.46	4455.38	6171.97	22277.2	0	0.869	1738
532000	532	4.75775	28546.5	5822.71	7975.32	4863.22	6074.55	22814.3	0	0.871	1742
533000	533	4.7477	28486.2	5619.36	8711.27	5068.79	6192.42	22774.3	0	0.872	1744
534000	534	4.65065	27903.9	6679.96	7862.32	4713.48	6036.74	22559.3	0	0.875	1750
535000	535	4.67739	28064.4	4525.45	7182.09	4957.65	6069.63	22778.6	0	0.8755	1751
536000	536	4.68827	28129.6	4436.67	7220.25	4811.54	5962.22	22770.6	0	0.876	1752
537000	537	4.73098	28385.9	4782.87	7500.7	4907.79	6310.06	22741.1	0	0.8765	1753
538000	538	4.74634	28478	5185.46	7265.41	4652.28	6215.36	22538.1	0	0.8775	1755
539000	539	4.55893	27353.6	6419.59	8454.43	4933.62	6094.02	22796.6	0	0.88	1760
540000	540	4.65372	27922.3	7748.77	8830.39	4772.09	5880.42	22890.9	0	0.8835	1767
541000	541	4.72335	28340.1	5778.16	7309.97	4822.29	5926.83	23143.1	0	0.885	1770
542000	542	4.73949	28437	5821.94	7410.9	4867.28	6125.31	23055.2	0	0.887	1774
543000	543	4.64605	27876.3	5212.28	7183.08	4700.75	5777.09	22921.2	0	0.888	1776
544000	544	4.65935	27956.1	5483.96	7245.72	4848.3	5944.63	23116.1	0	0.8895	1779
545000	545	4.48157	26889.4	5721.86	7431.13	4956.19	5990.84	23269.2	0	0.891	1782
546000	546	4.53492	27209.5	5617.92	7537.28	4855.32	5846.23	22954.9	0	0.893	1786
547000	547	4.67331	28039.8	4900.88	7536.61	4977.16	6083.78	23038.9	0	0.894	1788
548000	548	4.69279	28156.8	4734.35	7500.5	4952.33	6144.81	23103.1	0	0.8945	1789
549000	549	4.61874	27712.4	5539.53	7083.16	4672.47	6122.18	23121.7	0	0.896	1792
550000	550	4.64045	27842.7	4309.35	7359.81	4762.12	6040.38	22918	0	0.896	1792
551000	551	4.67204	28032.2	6552.15	8601.56	4958.09	5993.11	22842	0	0.899	1798
552000	552	4.65255	27915.3	4356.94	7409.87	4664.32	6287.36	23112.6	0	0.899	1798
553000	553	4.62866	27771.9	4167.45	6900.07	4843.25	6145.53	22883.5	0	0.899	1798
554000	554	4.65792	27947.5	5055.5	7473.98	4549.58	6220.83	23142.9	0	0.9	1800
555000	555	4.72239	28334.3	4096.63	7034.73	4880.65	6103.51	23246.4	0	0.9	1800
556000	556	4.68021	28081.3	4557.72	7422.54	4865.78	6300.5	23232.7	0	0.9005	1801
557000	557	4.71564	28293.8	4070.92	7629.57	4802.8	6072.94	23189.6	0	0.9005	1801
558000	558	4.68839	28130.3	4378.65	7095.73	4855.59	5895.57	23367.1	0	0.901	1802
559000	559	4.64439	27866.4	6117.26	10162.6	4694.26	5959.55	23237.2	0	0.903	1806
560000	560	4.60809	27648.5	4687.22	7153.42	4780.37	5769.77	23239.3	0	0.9035	1807
561000	561	4.64555	27873.3	4499.35	6898.52	5113.63	5949.09	23089.3	0	0.904	1808
562000	562	4.63603	27816.2	5014.16	7420.83	4809.79	5905.25	22889.5	0	0.905	1810
563000	563	4.64294	27857.6	5487.05	7669.89	4693.41	5918.38	23071.4	0	0.9065	1813
564000	564	4.76593	28595.6	4720.17	8927.42	4919.24	5937.17	23072.5	0	0.907	1814
565000	565	4.5929	27557.4	4502.42	7246.78	4645.99	6104.36	22978.9	0	0.9075	1815
566000	566	4.5948	27568.8	4870.25	7181.33	4690.86	6169.02	23063.9	0	0.908	1816
567000	567	4.60593	27635.6	5598.29	7191.3	4911.85	6160.3	23140.6	0	0.909	1818
568000	568	4.69772	28186.3	5255.78	7289.15	4748.37	6141.22	23023.6	0	0.9105	1821
569000	569	4.69206	28152.4	4917.54	7331.5	4909.18	5836.49	23059.7	0	0.911	1822
570000	570	4.67973	28078.4	4316.52	7296.31	4871.59	6031.19	23043	0	0.911	1822
571000	571	4.74826	28489.6	4078.02	7197.01	4854.53	5919.37	22598.6	0	0.911	1822
572000	572	4.67694	28061.7	4455.66	7191.46	4670.96	5973.94	23288.5	0	0.911	1822
573000	573	4.6502	27901.2	4808.46	7330.85	5037.02	6020.31	23333.6	0	0.9115	1823
574000	574	4.59558	27573.5	4936.47	7047.85	4755.99	6020.18	23016	0	0.9125	1825
575000	575	4.68249	28095	4956.46	7531.26	5100.36	5898.84	22682	0	0.913	1826
576000	576	4.63275	27796.5	4124.85	7186.19	4863.84	5993.17	22618.7	0	0.913	1826
577000	577	4.71965	28317.9	4803.09	6963.56	4876.13	6061.59	22669.6	0	0.9135	1827
578000	578	4.65547	27932.8	4809.59	7230.1	4875.29	5854.87	22860.2	0	0.914	1828
579000	579	4.65256	27915.3	4716.41	7057.89	4758.68	5731.03	22572.4	0	0.9145	1829
580000	580	4.6708	28024.8	5619.86	7078.06	4955.62	5714.34	22805.7	0	0.916	1832
581000	581	4.62384	27743.1	4641.76	7315.78	4816.73	5908.7	23035.7	0	0.9165	1833
582000	582	4.66349	27980.9	5517.73	7433.05	4204.96	6286.25	23090.4	0	0.9175	1835
583000	583	4.65105	27906.3	5026.8	7689.65	4939.99	5941.96	23112.7	0	0.9185	1837
584000	584	4.67179	28030.7	5425.12	7375.12	4711.19	6198.88	23257.4	0	0.9195	1839
585000	585	4.72474	28348.4	4285.63	7577.51	5063.34	6148.68	23172.3	0	0.9195	1839
586000	586	4.71793	28307.6	4056.02	6994.87	5032.31	6135.05	22922.8	0	0.9195	1839
587000	587	4.59607	27576.4	4649.84	7198.84	4949.14	6248.45	23054.7	0	0.92	1840
588000	588	4.65524	27931.4	4544.64	7389.67	4763.17	6315.27	22898	0	0.9205	1841
589000	589	4.67949	28077	4903.21	7574.83	4734.17	6175.1	23324.4	0	0.921	1842
590000	590	4.62714	27762.8	5891.73	7210.59	4604.11	6093.5	22977.7	0	0.9225	1845
591000	591	4.70436	28226.1	4481.5	7214.11	4719.85	6107.82	23272.8	0	0.9225	1845
592000	592	4.65107	27906.4	5009.75	7596.99	4966.28	6508.96	23349.4	0	0.9235	1847
593000	593	4.69113	28146.8	4146.03	7079.86	4623.34	6393.31	23544.9	0	0.9235	1847
594000	594	4.67116	28026.9	4784.99	7188.49	4813.62	6177.23	23199.8	0	0.924	1848
595000	595	4.63584	27815	4633.71	6920.15	4801.17	6158.47	23134.3	0	0.9245	1849
596000	596	4.6122	27673.2	4425.92	7278.8	5014.89	6168.32	23475.5	0	0.9245	1849
597000	597	4.5746	27447.6	4669.4	7054.14	4702.51	6140.82	23071.2	0	0.925	1850
