step	time	T	Ekin	dyn_angles_0	dyn_bonds_0	dyn_dihedrals_0	fpl_reaction_1	lj-tab	count_0
0	0	2.66784	16007	5260.21	4145.55	0	0	25269.5	0
1000	1	4.42682	26560.9	5398.99	4260.07	0	3186.85	25320.4	6
2000	2	4.35322	26119.3	5217.65	4568.72	16.9602	961.281	25441.5	8
3000	3	4.33906	26034.4	5189.53	4764.02	23.162	2943.8	25412	15
4000	4	4.41187	26471.2	5154.49	4557.57	29.6895	370.25	25488.2	16
5000	5	4.35838	26150.3	5297.88	4598.09	31.912	2294.21	25339.3	21
6000	6	4.36128	26167.7	5330.31	4304.91	39.1485	1582.52	25173.7	25
7000	7	4.37928	26275.7	5494.8	4630.96	55.6718	2267.41	25433.3	30
8000	8	4.51658	27099.5	5103.22	4442.63	49.1135	2266.96	25571.9	35
9000	9	4.38581	26314.8	5594.86	4434.36	78.6031	3379.25	25203.7	43
10000	10	4.45741	26744.5	5259.43	4274.42	84.2471	2266.79	25386.5	49
11000	11	4.41584	26495	5202.43	4411.74	104.501	3223.28	24717.3	57
12000	12	4.38358	26301.5	5322.15	4285.07	95.7736	2360.86	24779.5	63
13000	13	4.44083	26645	5382.78	4674.32	148.403	2910.38	24991.3	69
14000	14	4.51723	27103.4	5550.17	4366.48	176.719	2553.16	24781	74
15000	15	4.41809	26508.5	5258.07	4669.24	139.53	3513.81	24671.6	83
16000	16	4.5594	27356.4	5715.44	4205.67	183.447	2958.43	24320.4	89
17000	17	4.36971	26218.2	5215.29	4357.51	200.929	4961.64	24447	103
18000	18	4.43569	26614.1	5344.65	4732.62	242.929	1834.13	24691.9	107
19000	19	4.45074	26704.5	5714.46	4524.08	243.72	1613.32	24831.2	110
20000	20	4.41878	26512.7	5451.4	4317.66	191.871	3190.02	24651.4	118
21000	21	4.3919	26351.4	5804.89	4456.79	264.379	3910.21	24767.3	126
22000	22	4.43188	26591.3	5529.83	4531.28	268.467	1734.72	24008.6	130
23000	23	4.42529	26551.7	5693.93	4533.78	289.93	1654.77	23885.9	133
24000	24	4.45961	26757.7	5463.39	4475.18	313.577	3438.8	23945.8	140
25000	25	4.52617	27157	5858.7	4818.65	317.174	2038.45	24108.2	145
26000	26	4.4103	26461.8	5565.36	4330.97	307.804	886.06	23851.2	146
27000	27	4.42002	26520.1	5402.73	4542.66	322.046	2431.8	24104.8	150
28000	28	4.41785	26507.1	5865.51	4444.59	376.515	1207.47	24077.7	153
29000	29	4.42184	26531	5713.51	4445.32	338.257	3112.43	23918.2	160
30000	30	4.50164	27009.8	5539.03	4552.42	397.566	3735.49	24304.3	168
31000	31	4.50406	27024.3	5651.35	4154.44	369.952	2309.6	23745.7	172
32000	32	4.47394	26843.6	5854.27	4184.1	440.777	3673.31	24150.5	178
33000	33	4.41641	26498.5	5846.64	4538.2	412.933	2247.55	23951.6	182
34000	34	4.52657	27159.4	5677.12	4327.4	469.977	3091.81	24036.3	188
35000	35	4.39541	26372.5	5417.76	4371.79	489.389	3500.02	23792.5	195
36000	36	4.40528	26431.7	5738.81	4655.47	458.037	2148.53	23293.6	198
37000	37	4.38475	26308.5	5900.23	4359.4	449.058	1690.68	23575.1	201
38000	38	4.46215	26772.9	5927.71	4539.64	473.127	3258.02	23489	207
39000	39	4.3693	26215.8	6119.98	4586.25	496.153	1913.6	23694.5	210
40000	40	4.56005	27360.3	6116.68	4375.56	545.361	2234.94	23595.3	214
41000	41	4.45531	26731.9	5738.18	4482.33	552.762	3709.86	23720	222
42000	42	4.36044	26162.7	5840.39	4478.12	544.742	1923.47	22901.5	225
43000	43	4.50577	27034.6	5863.29	4390.18	612.088	2777.98	23246.2	230
44000	44	4.4622	26773.2	6005.47	4359.3	603.741	4449.23	23221.5	239
45000	45	4.47481	26848.8	5646.82	4356.87	616.697	2862.67	23307.8	244
46000	46	4.49622	26977.3	5973.39	4294.79	603.717	2490.47	23086.7	249
47000	47	4.43434	26606.1	5847.48	4649.49	612.314	1952.3	22808.6	252
48000	48	4.51371	27082.3	5994.43	4638.24	629.902	1051.23	23105.1	253
49000	49	4.44379	26662.7	5817.74	4649.21	634.544	4167.85	23047.3	260
50000	50	4.58735	27524.1	5972.76	4291.27	571.393	3786.01	23038.9	266
51000	51	4.56759	27405.5	6000.85	4452.85	741.463	2167.58	22636.1	270
52000	52	4.37484	26249	6445.67	4188.65	693.597	1440.51	22728.9	272
53000	53	4.44344	26660.7	5810.11	4472.38	696.983	3756.6	23363.5	279
54000	54	4.40706	26442.3	6438.07	4701.04	745.729	4551.56	23085.6	287
55000	55	4.49571	26974.2	5942.31	4398.56	734.363	2094.11	22943.4	290
56000	56	4.34652	26079.1	6101.88	4246.39	767.452	4187.87	23008.3	297
57000	57	4.56657	27399.4	5830.91	4616.74	808.43	4845.35	22917.5	305
58000	58	4.47471	26848.2	6206.65	4316.15	809.911	4310.28	22853.7	312
59000	59	4.53779	27226.7	6252.09	4496.37	882.496	2917.12	22469.8	316
60000	60	4.37466	26248	6537.69	4427.43	877.598	4137.35	22736.1	325
61000	61	4.73101	28386.1	7720.75	4686.93	864.356	3036.79	22252.1	329
62000	62	4.42704	26562.2	6210.97	4406.92	832.508	1832.15	22606.5	331
63000	63	4.48346	26900.8	6143.25	4388.48	875.074	2188.59	22423.3	335
64000	64	4.57725	27463.5	6260.07	4616.02	897.355	2646.71	22643.9	341
65000	65	4.40286	26417.1	6286.87	4761.77	858.563	2236.43	23107.8	345
66000	66	4.60235	27614.1	6286.04	4630.38	835.239	2617.01	22847.7	349
67000	67	4.45127	26707.6	6232.19	4378.4	851.436	3247.98	22162.5	355
68000	68	4.49104	26946.3	6220.92	4475.03	990.005	2367.26	22231.9	359
69000	69	4.56133	27368	5887.94	4503.79	1020.34	4021.56	22183.1	366
70000	70	4.50043	27002.6	6243.51	4528.14	967.096	2882.15	22385	372
71000	71	4.45561	26733.6	6218.34	4466.88	1090.11	2671.28	22224.4	377
72000	72	4.45546	26732.7	6098.79	4456.44	1087.51	1875.38	22417.1	380
73000	73	4.40584	26435	6410.24	4419.46	965.609	1844.27	22226.3	383
74000	74	4.45833	26750	6475.7	4548.61	1046.19	3018.78	21801.3	387
75000	75	4.62112	27726.7	6205.37	4565.3	873.387	3611.93	21891	392
76000	76	4.54998	27299.9	6361.19	4554.88	932.591	2120.71	22003.9	394
77000	77	4.57605	27456.3	6220.66	4471.85	1053.41	2519.97	22132.3	398
78000	78	4.49732	26983.9	6146.9	4444.18	978.439	1811.85	22726.3	400
79000	79	4.47712	26862.7	6187.17	4632.85	965.239	3462.65	22248.2	406
80000	80	4.49161	26949.7	6341.29	4428.09	1117.9	4127.16	21845	413
81000	81	4.47159	26829.5	6516.71	4512.75	1062.38	3667.06	22195.3	420
82000	82	4.44814	26688.8	6132.83	4526.54	1015.7	2870.1	21804.5	426
83000	83	4.44298	26657.9	6219.95	4901.46	1080.47	1537.9	22136.5	427
84000	84	4.59116	27546.9	6062.75	4075.47	1162.81	3046.44	21874.8	431
85000	85	4.44324	26659.4	6414.12	4612.36	1118.58	3793	21791.5	438
86000	86	4.55533	27332	6776.38	4730.48	1128.32	2797.44	22022.7	442
87000	87	4.55343	27320.6	6511.88	4572.46	1114.07	2430.99	22087	445
88000	88	4.48408	26904.5	6506.25	4756.2	1167.89	2771.38	22459.9	449
89000	89	4.67722	28063.3	6613.63	4817.29	1214.27	1823.52	21798.6	452
90000	90	4.57185	27431.1	6465.96	4408.78	1161.43	2059.36	21889.4	454
91000	91	4.50723	27043.4	6519.97	4536.67	1168.3	1816.5	21704.6	456
92000	92	4.48875	26932.5	6387.4	4901.34	1271.56	1234.44	21541.6	457
93000	93	4.54647	27278.8	6264.37	4497.75	1135.57	3434.45	21594.9	463
94000	94	4.53554	27213.2	6584.57	4544.05	1238.45	1558.81	21944.7	464
95000	95	4.59525	27571.5	6536.92	4537.15	1238.61	2023.93	21694.9	467
96000	96	4.52506	27150.3	6538.53	4330.73	1215.74	2673.81	21904.5	471
97000	97	4.61103	27666.2	6499.49	4568.49	1313.56	2750.82	21391.3	475
98000	98	4.59146	27548.7	6630.44	4616.52	1237.72	4199.74	21551.1	481
99000	99	4.57006	27420.4	6902.63	4660.94	1371.68	1947.46	21440.7	483
100000	100	4.55285	27317.1	6739.69	4612.09	1454.93	2107.99	21475	485
101000	101	4.60352	27621.1	6430.96	4218.61	1347.51	2601.34	21500.3	488
102000	102	4.49691	26981.5	6506.58	4646.6	1267.67	2577.51	21541.7	492
103000	103	4.53686	27221.2	6422.71	4593.89	1227.67	1474.99	21723	493
104000	104	4.51635	27098.1	6681.53	4546.97	1199.71	2418.66	21557.1	496
105000	105	4.46519	26791.1	6808.11	5071.59	1300.27	3059.38	21733.9	501
106000	106	4.55839	27350.3	6753.41	4691.83	1274.93	3408.95	21775	507
107000	107	4.45528	26731.7	6487.65	4565.67	1211.7	4876.63	21782.7	515
108000	108	4.52766	27166	6745.99	4677.74	1370.29	3220.27	21541.5	520
109000	109	4.62183	27731	6515.35	4544.66	1420.24	2464.17	21344	523
110000	110	4.52488	27149.3	6192.98	4749.18	1545.59	1797.06	21580.1	524
111000	111	4.50766	27046	6893.9	4685.81	1440.04	3688.81	21917.8	530
112000	112	4.56751	27405.1	6663.5	4388.15	1521.19	3816.52	21365.3	535
113000	113	4.51978	27118.7	6546.34	4539.18	1511.62	2516.32	21241.9	538
114000	114	4.45098	26705.9	6556.38	4350.03	1452.78	1745.57	21115.2	539
115000	115	4.43268	26596.1	6822.43	4542.65	1426.16	1897.99	21110.7	541
116000	116	4.53262	27195.7	6416.82	4689.85	1494.9	2370.43	21480.4	543
117000	117	4.46852	26811.1	6935.02	4431.74	1502.77	1569.8	21374.8	544
118000	118	4.55694	27341.6	6869.66	4412.9	1532.48	1933.89	21173	546
119000	119	4.48756	26925.3	6471.09	4692.21	1520.88	3086.85	21506.2	550
120000	120	4.53821	27229.3	6625.87	4459.08	1545.78	1279.8	21618.5	550
121000	121	4.42215	26532.9	6508.54	4428.32	1497.75	2523.55	21765.8	553
122000	122	4.52461	27147.7	6529.25	4602.25	1498.59	3893.63	21200.9	560
123000	123	4.53341	27200.5	6881.9	4445.65	1465.55	1371.42	21058.1	560
124000	124	4.56375	27382.5	6650.16	4657.52	1650.69	3304.68	21621.3	565
125000	125	4.60014	27600.9	6937.33	4575.53	1592.04	2064.07	21338.6	567
126000	126	4.61407	27684.4	6861.42	4720.78	1539.8	2513.12	21037.9	569
127000	127	4.5176	27105.6	6910.11	4532.57	1590.59	4285.06	21249.3	576
128000	128	4.61219	27673.1	6765.13	4795.28	1730.89	1817.73	21354.3	577
129000	129	4.58608	27516.5	6806.17	4644.25	1664.16	4071.97	21020.3	584
130000	130	4.55253	27315.2	7184.37	4793.39	1543.53	2029.14	21166.7	585
131000	131	4.75996	28559.8	6801.4	4948.64	1616.96	1983.75	21356.6	587
132000	132	4.51505	27090.3	6770.18	4431.5	1613.69	2905.19	21368.1	591
133000	133	4.43348	26600.9	6639.09	4380.25	1629.5	2371.13	21151.1	593
134000	134	4.62928	27775.7	7051.62	4710.94	1660.49	3147.59	20929.8	596
135000	135	4.57926	27475.5	6719.96	4582.5	1709.59	3424.83	21170.1	601
136000	136	4.51269	27076.2	6760.55	4438.8	1657.35	1613.96	21063.5	602
137000	137	4.62689	27761.4	6965.11	4579.04	1758.29	2037.19	20935.3	604
138000	138	4.5796	27477.6	7057.79	4511.11	1698.75	2959.91	20739.6	608
139000	139	4.5368	27220.8	7000.13	4241.87	1808.83	2949.77	21238.3	611
140000	140	4.50907	27054.4	6948.58	4643.83	1711.31	2647.26	20561.7	615
141000	141	4.48282	26896.9	6992.57	4690.77	1768.46	2254.36	21005.2	617
142000	142	4.54487	27269.2	6790.21	4403.02	1722.42	2191.42	20808.5	620
143000	143	4.78473	28708.4	6966.23	4886.26	1673.57	2211.11	21068.5	622
144000	144	4.52267	27136	6851.94	4529.44	1749.28	3458.38	21169.1	626
145000	145	4.6441	27864.6	6938.61	4562.72	1882.15	2705.86	21349.5	629
146000	146	4.52553	27153.2	6957.7	4393.2	1771.32	1422.91	20976.4	629
147000	147	4.68268	28096.1	6798.44	4729.95	1882.95	2882.13	20653.6	633
148000	148	4.54007	27240.4	7008.15	4502.55	1854.01	2622.4	20800.6	636
149000	149	4.56037	27362.2	7146.59	4621.62	1956.12	2116.09	20924.9	637
150000	150	4.58884	27533	6785.43	4517.6	1884.07	2887.14	20774.1	641
151000	151	4.53551	27213	6830.72	4631.7	1949.3	3195.97	21005.9	644
152000	152	4.52886	27173.1	7222.63	4687.19	1875.04	2712.33	20997.4	646
153000	153	4.55476	27328.6	6887.81	4514.91	1886.1	3297.64	21220	649
154000	154	4.61475	27688.5	7182.58	4426.39	1878.92	2587.04	20993	652
155000	155	4.55502	27330.1	6982.57	4601.17	1830.77	2332.15	20912.8	654
156000	156	4.66474	27988.4	6855.52	4408.34	1929.03	2604.91	20901.4	656
157000	157	4.55651	27339	7366.73	4633.87	1902.47	3172.75	21105	659
158000	158	4.63614	27816.8	6874.5	4688.37	1964.16	3194.5	21073.7	663
159000	159	4.62034	27722.1	7037.24	4889.36	2076.66	3080.84	20726.5	667
160000	160	4.47676	26860.6	7256.47	4792.62	2074.94	2742.58	20492.9	670
161000	161	4.57599	27455.9	7267.1	4743.05	2098.22	3472.83	20462.9	675
162000	162	4.53962	27237.7	6849.2	4530.21	2089.78	2502.63	20951.9	677
163000	163	4.57971	27478.2	6905.33	4589.37	2013.19	4244.81	20612.7	683
164000	164	4.66284	27977	6920.78	4568.13	1995.88	2084.72	21056.5	685
165000	165	4.60293	27617.6	7373.98	4623.48	2109.4	2296.54	20484.3	686
166000	166	4.61928	27715.7	6973.64	4663.39	1970.01	3949.84	20479.9	691
167000	167	4.54645	27278.7	7329.41	4824.4	2086.26	3774.48	20458.6	695
168000	168	4.60155	27609.3	6963.63	4627.9	2010.64	3858.76	20616.7	699
169000	169	4.52518	27151.1	6928.04	4596.14	2038.74	2204.54	20849.9	701
170000	170	4.56431	27385.8	6952.22	4785.97	2154.98	3248.74	20771.4	705
171000	171	4.58381	27502.9	6983.16	4639.52	2139.55	1636.98	20521.3	705
172000	172	4.56758	27405.5	6875.39	4595.25	2058.61	3176.63	20678.9	708
173000	173	4.57935	27476.1	6723.97	4740.97	2073.37	3957.27	20692	713
174000	174	4.63633	27818	6968.28	4713.21	2033.26	1947.88	20835.2	714
175000	175	4.69425	28165.5	7038.26	4472.76	2108.61	3551.01	20590	718
176000	176	4.55517	27331	7104.28	4520.04	2075.65	2361.83	20487.6	720
177000	177	4.631	27786	7001.79	4807.86	2058.33	3779.56	20476.8	724
178000	178	4.61187	27671.2	7421.51	4751.38	2182.87	3070.19	20695.6	727
179000	179	4.56713	27402.8	6941.43	4459.95	2294.62	2748	20213.7	729
180000	180	4.6214	27728.4	7063.15	4484.93	2148.8	2448.1	20508.8	731
181000	181	4.55757	27345.4	6810.73	4730.58	2086.22	3319.1	20503.7	735
182000	182	4.71223	28273.4	7080.46	4489.79	2162.67	2628.51	20833.5	737
183000	183	4.65444	27926.6	7309.59	4796.53	2086.82	2985.34	20780.8	740
184000	184	4.60137	27608.2	6946.7	4869.17	2050.83	4551.08	20711.9	746
185000	185	4.60874	27652.4	7101.73	4805.23	2231.71	3505.5	20584.2	750
186000	186	4.58519	27511.1	7126.42	4530.46	2162	2434.35	20615.6	752
187000	187	4.71337	28280.2	6855.62	4842.57	2145.77	3386.19	20254	755
188000	188	4.65836	27950.1	7110.96	4625.87	2003.18	2615.5	20800.9	758
189000	189	4.64002	27840.1	7209.04	4819.84	2152.91	3180.25	20708.4	761
190000	190	4.6273	27763.8	7335.55	4730.01	2388.33	3559.75	20952.8	765
191000	191	4.61548	27692.9	7357.26	4802.11	2195.33	3778.05	20889.2	769
192000	192	4.53598	27215.9	7197.31	4632.65	2147.62	2883.36	20903.3	771
193000	193	4.75661	28539.7	7109.21	4471.02	2231.18	3113.52	20670.9	773
194000	194	4.5954	27572.4	7246.03	4589.7	2218.91	2669.75	20749.5	775
195000	195	4.4942	26965.2	7113.69	4688.83	2158.9	3389.22	20757.5	779
196000	196	4.57956	27477.4	6984.25	4679.14	2190.65	2451.54	20994.1	780
197000	197	4.69025	28141.5	7116.52	4681.31	2160.64	1894.89	20491.6	780
198000	198	4.56594	27395.6	7007.65	4790.64	2285.79	2990.02	20207.5	784
199000	199	4.64516	27871	6900.45	4585.38	2072.22	1791.8	20862.2	784
200000	200	4.51961	27117.7	7631.33	4720.17	2253.01	4270.95	20659.6	788
201000	201	4.7457	28474.2	7399.14	4795.96	2307.42	3027.97	20834.8	791
202000	202	4.54655	27279.3	7178.32	4650.67	2242.92	3950.86	20776.7	795
203000	203	4.62088	27725.3	7218.8	4723.76	2267.02	3181.68	20744.9	797
204000	204	4.69223	28153.4	7133.55	4887.43	2436.46	3008.95	20788.3	800
205000	205	4.56508	27390.5	6944.12	4696.2	2473.54	2663.28	20135.6	803
206000	206	4.58843	27530.6	7370.39	4611.11	2522.78	2980.6	20077.3	805
207000	207	4.62913	27774.8	7384.1	5080.67	2431.61	2623.41	20589.8	806
208000	208	4.69496	28169.8	6982.95	4758.9	2301.54	3743.86	20351.1	811
209000	209	4.60391	27623.4	7472.23	4653.34	2438.94	2650.75	20371.5	813
210000	210	4.64236	27854.2	7080.83	4565.68	2540.84	1930.23	20838.3	813
211000	211	4.62976	27778.6	7158.49	4603.68	2354.01	2208.89	20822.1	814
212000	212	4.67165	28029.9	7352.98	4564.37	2484.26	2725.08	20514.2	816
213000	213	4.64439	27866.3	7416.49	4690.7	2478.53	4393.87	20599.1	822
214000	214	4.77585	28655.1	7198.86	4842.15	2349.86	3193.35	20543.4	824
215000	215	4.76128	28567.7	7056.23	4621.39	2364.86	2933.39	20683.8	827
216000	216	4.67313	28038.8	7263.8	4921.29	2427.88	3196.18	20376.8	830
217000	217	4.7123	28273.8	7312.27	4770.99	2436.95	2107.81	20407.1	830
218000	218	4.67789	28067.3	7447.74	4953.02	2378.06	2871.9	20094	833
219000	219	4.59579	27574.7	7098.23	4597.95	2385.47	4177.37	20466.1	838
220000	220	4.64078	27844.7	7471.89	4666.73	2465.56	2403.52	20426.8	839
221000	221	4.51891	27113.5	7066.61	4695.05	2368.64	2660.76	20427.2	841
222000	222	4.65657	27939.4	7352.78	4574.96	2449.68	3045.55	20346.7	843
223000	223	4.76239	28574.3	7749.52	4962.57	2405.46	2761.75	20529	844
224000	224	4.55262	27315.7	7097.77	4536.03	2483.63	4793.67	20934.1	849
225000	225	4.71999	28320	7279.75	4689.22	2399.65	3933.3	20708	853
226000	226	4.7009	28205.4	7185.81	4688.05	2381.74	4173.53	20292.1	857
227000	227	4.67268	28036.1	7608.89	4727.44	2592.07	2969.16	20356.5	859
228000	228	4.6661	27996.6	7325.31	4584.66	2584.35	2765.83	20863.5	861
229000	229	4.63655	27819.3	7277.79	4716.49	2661.28	2250.89	20495.4	861
230000	230	4.56519	27391.1	7316.37	4506.78	2672.18	2675.89	20720.9	862
231000	231	4.68297	28097.8	7585.26	4665.84	2596.44	2844.21	20611.2	864
232000	232	4.65224	27913.4	7112	5105.39	2495.95	2408.57	20801.7	865
233000	233	4.65541	27932.5	7271.87	4842.97	2594.08	4433.59	20420.3	870
234000	234	4.61304	27678.3	7477.39	4414.62	2548.8	2562.61	20356.7	871
235000	235	4.57616	27456.9	7011.34	4654.58	2718.49	2790.35	20307.6	872
236000	236	4.66124	27967.4	7505.63	4824.3	2525.2	2479.87	20566.9	873
237000	237	4.76874	28612.4	7109.17	4710.55	2338.36	3972.51	20128.7	877
238000	238	4.80581	28834.9	7537.96	4754.84	2606.27	3031.34	20376.9	880
239000	239	4.68026	28081.6	7181.27	4423.8	2456.6	2834.41	20434	881
240000	240	4.69559	28173.5	7457.81	4852.31	2508.88	3530.86	20604.2	884
241000	241	4.5908	27544.8	7217.57	5076.86	2444.85	2644.56	20609.5	885
242000	242	4.65856	27951.4	7361.17	4548.5	2440.33	2760.31	20340.2	887
243000	243	4.77254	28635.3	7261.06	4983.64	2690.84	3343.03	20339.7	890
244000	244	4.65406	27924.4	7477.52	4729.86	2649.55	2762.2	20487.5	891
245000	245	4.67386	28043.1	7336.76	4775.1	2674.52	2782.55	20376	892
246000	246	6.76361	40581.7	7799.14	6464.13	2522.22	4012.27	21196.4	895
247000	247	4.64809	27888.5	7915.7	5149.08	2715.21	4326.58	20514	900
248000	248	4.65009	27900.6	7398.39	4787.34	2587.21	3981.09	20620.5	903
249000	249	4.61829	27709.8	7391.71	4760.72	2715.57	4657.11	20185.4	908
250000	250	4.7594	28556.4	7485.36	4588.02	2776.41	3059.56	20680.4	911
251000	251	4.62813	27768.8	7644.83	4686.96	2915.95	2071.95	20246	911
252000	252	4.61725	27703.5	7699.09	4812.34	2574.12	2091.09	20725.3	911
253000	253	4.64777	27886.6	7201.19	4812.12	2604.74	2634.92	20618.6	912
254000	254	4.69623	28177.4	7584.63	5105.74	2836.03	3289.05	20308.4	914
255000	255	4.68656	28119.4	7547.08	4605.08	2897.42	2869.05	20240.4	916
256000	256	4.59777	27586.6	7230.05	4910.53	2776.41	3041.68	20766	917
257000	257	4.65722	27943.3	7382.88	4808.54	2792.91	4432.93	20405.9	922
258000	258	4.82425	28945.5	7613.33	4834.4	2690.62	4729.43	20570.2	927
259000	259	4.58536	27512.1	7580.55	4762.3	2719.68	4442.78	20786.3	932
260000	260	4.67738	28064.3	7620.9	4717.76	2765.35	4188.67	20342.7	936
261000	261	4.73144	28388.7	7540.82	4367.66	2767.17	3359.13	20491.1	938
262000	262	4.68526	28111.5	7324.29	4755.63	2734.2	3919.3	20334.9	941
263000	263	4.75818	28549.1	7441.02	4729.57	2870.44	3409.71	20291.2	944
264000	264	4.68658	28119.5	7346.44	5045.89	2731.08	2999.06	20950.1	946
265000	265	4.63001	27780.1	7418.63	4952.19	2862.7	2820.01	20670.5	947
266000	266	4.67759	28065.6	7450.25	4849.03	3072.26	2963.58	20109.7	948
267000	267	4.65357	27921.4	7403.1	4803.78	2837.1	3085.98	20553.6	950
268000	268	4.71657	28299.4	7341.08	4908.12	2848	3085.15	20434.8	951
269000	269	4.79991	28799.4	7170.28	4762.31	2984.88	3364.48	20442.2	953
270000	270	4.75263	28515.8	7677.01	4907.02	3067.57	2512.25	20236.4	953
271000	271	4.70585	28235.1	7427.68	4562.09	2920.4	2628.03	20596.2	954
272000	272	4.70582	28234.9	7348.24	4920.37	2860.88	3170.91	20306.3	956
273000	273	4.71321	28279.3	7827.72	4436.81	3123.31	3139.82	20315.6	958
274000	274	4.69082	28144.9	7592.43	4598.53	2821.17	2879.58	20331.1	959
275000	275	4.78627	28717.6	7366.6	5015.99	3047.18	2264.23	20751.1	959
276000	276	4.7808	28684.8	7845.41	4978.78	2845	3267.2	20557.2	961
277000	277	4.7657	28594.2	7370.96	4643.97	2949.94	3138.81	20930.2	963
278000	278	4.78087	28685.2	7387.24	4818.27	2973.21	2265.6	20689.1	963
279000	279	4.7202	28321.2	7350.14	4635.51	2975.46	3902.36	20601.6	967
280000	280	4.67701	28062	7226.55	5070.74	2987.95	4031.51	20015.5	970
281000	281	4.7039	28223.4	7714.27	5008.51	2923.19	2289.99	20133.9	970
282000	282	4.87821	29269.3	7764.01	4651.48	2950.42	3555.44	20533.5	972
283000	283	4.67263	28035.8	7754.63	4715.47	3007.62	3118.45	20186.3	974
284000	284	4.67603	28056.2	7469.72	4813.23	3023.5	4381.92	20243.3	978
285000	285	4.78211	28692.7	7469.72	4634.51	2937.39	5393.24	20920.6	985
286000	286	4.93485	29609.1	7497.18	4801.45	2951.31	3769.79	20565.9	988
287000	287	4.75438	28526.3	7386.76	4644.07	2918.32	3205.26	20161.5	990
288000	288	4.7384	28430.4	7313.31	4788.43	2816.4	2402.41	20444.4	990
289000	289	4.64826	27889.5	7722.69	4650.43	2827.5	4067.98	20492.8	994
290000	290	4.68295	28097.7	7572.82	4874.38	3029.72	4132.29	20423	998
291000	291	4.73943	28436.6	7734.85	4860.75	3061.59	3347.37	20644.7	1000
292000	292	4.83403	29004.2	10389	5007.41	3007.75	3559.47	20119.5	1003
293000	293	4.69899	28193.9	7380.66	4926.16	3133.34	2487.72	20017.2	1003
294000	294	4.71757	28305.4	7223.22	4955.92	2988.42	3108.43	20112.2	1005
295000	295	4.73454	28407.3	7725.97	5002.39	2847.19	4155.65	20414.4	1009
296000	296	4.66845	28010.7	7647	4977.8	2902.2	2771.92	20358.8	1010
297000	297	4.76891	28613.4	7545.42	4841.32	2906.45	2700.84	20677.5	1011
298000	298	4.70581	28234.9	7381.45	4801.3	2980.34	2844.99	20481.3	1012
299000	299	4.67951	28077.1	7498.16	5150.38	3021	2461.58	20476.9	1012
300000	300	4.65353	27921.2	7568.03	4645.33	3018.69	2915.78	20500.7	1014
301000	301	4.77978	28678.7	7651.69	5194.73	3025.93	3966.29	20629.2	1017
302000	302	4.6611	27966.6	7612.63	5120.93	2994.06	3214.41	20292.5	1019
303000	303	4.71468	28288.1	7431.04	4797.39	3032.01	2714.88	20439.5	1020
304000	304	4.7127	28276.2	7829.66	5076.79	3113.8	2417.59	20803.8	1020
305000	305	4.72387	28343.2	7620.5	4429.1	2960.2	4046.4	20382.3	1023
306000	306	4.64455	27867.3	7623.86	4836.57	3087.7	3477.91	20144.3	1025
307000	307	4.75781	28546.8	7898.78	4744.49	3160.72	3648.2	20656.6	1027
308000	308	4.70023	28201.4	7500.55	4850.1	3176.33	3778.52	20707.9	1029
309000	309	4.6549	27929.4	7616.15	4917.53	3088.09	4259.72	20967.6	1033
310000	310	4.72152	28329.1	7583.46	4951.87	2982.79	3430.16	20522.3	1035
311000	311	4.71394	28283.7	7558.57	4795.73	3030.58	4033.16	20428.8	1038
312000	312	4.81904	28914.3	7586.88	4898.26	2978.05	4735.8	20784.4	1043
313000	313	4.73705	28422.3	7733.02	4916.05	2974.59	3515.89	20482.8	1045
314000	314	4.87448	29246.9	7769.19	4989.38	3163.31	2619.53	20358.2	1045
315000	315	4.63801	27828.1	7906.56	4790.71	3072.78	3439.93	20663.4	1047
316000	316	4.67699	28061.9	7527.45	4976.67	3188.79	2957.84	20252.1	1048
317000	317	4.7455	28473	7700.91	5008.58	3309.29	3160.55	20215.4	1049
318000	318	4.78197	28691.8	7882.99	4649.17	3178.34	2516.21	20323.7	1049
319000	319	4.75162	28509.7	7537.64	4874.38	3162.9	3323.91	20643.9	1051
320000	320	4.74076	28444.5	8265.75	4785.94	3129.93	3672.92	20998.1	1054
321000	321	4.7614	28568.4	7603.32	4566.49	3107.64	3221.12	20040.7	1056
322000	322	4.73596	28415.7	7617.66	4777.55	3436.13	3056.39	20593.1	1058
323000	323	4.82265	28935.9	7972.34	4915.75	3165.01	3873.05	20528.2	1061
324000	324	4.74347	28460.8	7343.02	4750.73	3265.6	2730.96	20476.3	1061
325000	325	4.71472	28288.3	7217.69	4873.44	3233.75	2424.16	20571.3	1061
326000	326	4.72715	28362.9	7740.71	4862.68	3289.36	2646.65	20907.8	1061
327000	327	4.81209	28872.5	7672.11	5145.83	3447.26	2583.8	20826.6	1061
328000	328	4.6194	27716.4	7820.27	4790.92	3210.12	3679.98	20700.4	1064
329000	329	4.78382	28702.9	7608.91	4852.94	3330.3	3270.93	20579.6	1066
330000	330	4.66044	27962.6	7330.89	4838.19	3356.7	3706.21	20463.3	1068
331000	331	4.78257	28695.4	8021.18	5015.2	3384.72	4174.22	20432.1	1072
332000	332	4.88212	29292.7	7803.32	4975	3271.93	2600.54	20234.2	1072
333000	333	4.79858	28791.5	7695.78	4953.58	3396.13	5204.34	20387.7	1077
334000	334	4.83922	29035.3	7741.55	4939.12	3429.36	3157.18	20502.6	1078
335000	335	4.77341	28640.5	7583.98	5005.04	3250.97	3458.33	20658.4	1080
336000	336	4.78117	28687	7779.43	4682.42	3232.75	2420.69	20353.2	1080
337000	337	4.87475	29248.5	7743.7	5143.14	3319.6	3255.59	20249	1082
338000	338	4.8198	28918.8	8065.88	4814.96	3131.65	2473.9	20525.9	1082
339000	339	4.85782	29146.9	7882.42	5007.88	3353.49	2742.7	20783.4	1082
340000	340	4.73664	28419.8	7499.35	4889.72	3393.93	2798.47	20605.7	1082
341000	341	4.83534	29012	7436.69	4752.92	3222.03	3449.26	20520.4	1084
342000	342	4.72251	28335.1	7893.78	4935.54	3445.71	2724.69	20527.3	1084
343000	343	4.74421	28465.2	7702.57	4753.03	3321.34	4103.96	20441.9	1088
344000	344	4.82024	28921.4	7789.47	4775.63	3078.2	5191.22	20765	1094
345000	345	4.86913	29214.8	8015.95	5129.33	3187.16	2730.39	20291.9	1094
346000	346	4.8252	28951.2	7874.43	4958.34	3268.2	3616.04	20278	1096
347000	347	4.80918	28855.1	7766.34	5159.65	3313.55	3597.16	20503.6	1098
348000	348	4.69214	28152.8	7573.15	5180.36	3226.48	4222.03	20717.1	1101
349000	349	4.87784	29267	7734.81	4762.34	3108.55	2636.98	20387.4	1101
350000	350	4.91518	29491.1	7902.61	5060.16	3111.88	3492.37	20523.7	1103
351000	351	4.82319	28939.1	7664.37	4949.9	3271.35	3218.55	20291	1104
352000	352	4.79808	28788.5	7957.27	5013.3	3220.99	3264.1	20448	1105
353000	353	4.87125	29227.5	7811.39	5139.64	3282.82	3336.42	20777.1	1106
354000	354	4.85403	29124.2	7957.78	4693.89	3349.63	3429.58	20969.6	1108
355000	355	4.8578	29146.8	7451.4	5076.38	3256.3	3417.96	20404.8	1110
356000	356	4.83841	29030.5	7402.68	4730.02	3378.99	3102.24	20647.3	1111
357000	357	4.81091	28865.5	7820.43	4919.65	3453.66	3011.03	20748.4	1111
358000	358	4.69401	28164.1	7988.55	4803.87	3291.59	2996.48	20796	1112
359000	359	4.87553	29253.2	7481.25	4999.29	3281.97	3099.73	20724.3	1113
360000	360	4.91312	29478.7	7765.63	4481.33	3260.63	3377.45	20531.1	1114
361000	361	4.72725	28363.5	7751.35	5165.42	3363.34	3494.71	21007.9	1117
362000	362	4.68527	28111.6	7623.58	4886.99	3301.37	3006.07	20279.6	1118
363000	363	4.78655	28719.3	7725.32	4698	3502.7	3815.2	20626.4	1121
364000	364	4.83365	29001.9	7777.01	4847.01	3513.53	2717.68	20821.2	1121
365000	365	4.78638	28718.3	7738.97	5161.76	3582.54	3460.28	20732.5	1122
366000	366	4.79858	28791.5	7627.92	4783.94	3423.5	4437.41	20635.5	1126
367000	367	4.71317	28279	7842.61	5006.62	3439.32	3618.42	20705.1	1129
368000	368	4.78985	28739.1	7936.82	4805.31	3496.35	2888.51	20449.4	1130
369000	369	4.69595	28175.7	7630.8	4472.03	3589.62	3410.68	20626.4	1132
370000	370	4.8026	28815.6	7929.17	4885.17	3532.41	3975.03	21058.5	1134
371000	371	4.7118	28270.8	7773.33	5093.29	3542.46	3086.66	20718.5	1136
372000	372	4.85625	29137.5	7798.56	4976.07	3584.13	2884.57	20727.7	1136
373000	373	4.81645	28898.7	7707.65	4873.74	3524.1	3677.46	20837.5	1138
374000	374	4.69749	28184.9	7762.58	4882.39	3495.34	2822.06	20568.3	1138
375000	375	4.71867	28312	7593.69	4910.25	3455.33	4071.85	20837.1	1141
376000	376	4.76362	28581.7	7540.04	5294.83	3540.43	4546.33	20676.4	1144
377000	377	4.90759	29445.5	7934.59	5034.88	3410.85	3751.03	20496	1146
378000	378	4.80661	28839.7	7632.63	5010.86	3513.11	2951.38	20941.2	1146
379000	379	4.85226	29113.5	7858.76	4877.9	3522.32	2539.02	20522.3	1146
380000	380	4.81407	28884.4	8215.64	4687.14	3657.16	4147.86	20633.5	1149
381000	381	4.83973	29038.4	8157.25	4975.13	3680.64	3756.4	20605.8	1151
382000	382	4.75663	28539.8	7877.7	4879.82	3563.42	3420.61	20461.9	1152
383000	383	4.76247	28574.8	7804	5001.63	3454.71	4225.31	20994.5	1155
384000	384	4.91388	29483.3	7828.53	4928.58	3576.04	3216.88	20520.7	1156
385000	385	4.8333	28999.8	7594.52	5176.93	3542.9	3545.6	20496.4	1158
386000	386	4.79596	28775.8	7594.68	4954.17	3441.94	3171.56	20381.9	1160
387000	387	4.91798	29507.9	7770.88	4863.31	3433.56	3725.53	20574.1	1163
388000	388	4.77459	28647.5	7938.88	5220.75	3518.63	3256.27	20414.9	1164
389000	389	4.69249	28154.9	7553.71	4974.09	3655.84	3906.82	20347.8	1166
390000	390	4.84173	29050.4	8066.99	4803.27	3568.13	2742.41	20826	1166
391000	391	4.78883	28733	7646.55	4714.25	3546.06	3375.91	20823.4	1168
392000	392	4.84405	29064.3	7529.07	4920.79	3742.36	4696.74	20879.6	1171
393000	393	4.8759	29255.4	7674.49	4936.48	3911.78	3724.46	20711.3	1173
394000	394	4.81088	28865.3	7398.15	4906.7	3652.04	3245.77	20734.1	1174
395000	395	4.7467	28480.2	8061.59	5081.92	3545.05	3016.45	20733.9	1174
396000	396	4.76727	28603.6	7889.85	4842.1	3569.84	4202.51	20641.9	1177
397000	397	4.79571	28774.3	7733.63	4766.72	3737.69	2834.16	20413.8	1177
398000	398	4.83069	28984.2	7814.28	4985.07	3696.25	2830.85	20748.6	1177
399000	399	4.87861	29271.7	7638.05	4951.06	3633.73	3590.39	21173.3	1178
400000	400	4.7772	28663.2	7899.65	4924.02	3561.97	3715.19	20656	1180
401000	401	4.86056	29163.4	7782.36	5103.16	3663.67	3776.69	20698.9	1182
402000	402	4.87808	29268.5	7951.57	5267.59	3834.35	4143.94	20806.9	1184
403000	403	4.84847	29090.8	7993.21	4980.13	3747.11	3873.44	20683.2	1186
404000	404	4.76146	28568.8	7769.81	4560.66	3925.57	3764.9	20832.4	1188
405000	405	4.97724	29863.5	7929.12	5312.12	3811.03	2769.23	20780.1	1188
406000	406	4.84817	29089	7925.85	5009.66	3693.19	3645.53	20603.4	1190
407000	407	4.88279	29296.7	7665.67	4781.32	3868	2815.57	20560.6	1190
408000	408	4.92025	29521.5	7602.32	5097.47	3703.67	3346.32	20943.7	1191
409000	409	4.8235	28941	7679.13	4948.35	3723.73	3479.5	21095.4	1192
410000	410	4.91939	29516.4	7850.93	4866.28	3656.11	3066.49	21025.6	1193
411000	411	4.81173	28870.4	7790.47	4976.3	3610.03	3333.18	21052.9	1195
412000	412	4.84684	29081	7820.24	4922.08	3797	3972.14	20623.2	1198
413000	413	4.8858	29314.8	7951.04	4902.68	3561.86	3428.37	21096.6	1199
414000	414	4.89535	29372.1	7538	4762.94	3797.37	3401.74	20789	1200
415000	415	4.97745	29864.7	7984.4	4929.5	3680.5	3475.39	20951.9	1202
416000	416	4.831	28986	7985.56	4818.36	3730.89	3013.24	20799	1202
417000	417	4.908	29448	7708.84	4875.72	3715.97	2981.62	20828.4	1202
418000	418	4.82947	28976.8	7746.93	4984.34	3903.74	3734.19	20747.5	1204
419000	419	4.80311	28818.7	7571.2	4984.62	3748.66	3675.01	20764.6	1205
420000	420	4.94392	29663.5	7724.07	5075.98	3769.46	3071.42	20968.2	1206
421000	421	4.90587	29435.2	7943.21	5257.91	3757.29	2885.79	20836.6	1206
422000	422	4.86015	29160.9	7803.93	4570.23	3843.57	4556.5	20790.3	1210
423000	423	4.85364	29121.8	7571.8	4808.07	3769.74	2757.71	21011.1	1210
424000	424	4.81737	28904.2	8152.6	4790.3	3656.29	3019.59	20897.5	1210
425000	425	4.76115	28566.9	7651.75	5060.8	3620.08	3389.14	21072.9	1211
426000	426	4.78616	28716.9	7787.39	4880.84	3641.33	3648.04	20839.5	1213
427000	427	4.84826	29089.6	7643.7	5130.48	3679.57	3366.29	20979.3	1214
428000	428	4.78998	28739.9	8159.97	4928.77	3650.44	5432.78	20753.8	1219
429000	429	4.82834	28970	7712.77	4966.71	3664.17	3044.34	20741.7	1219
430000	430	4.74175	28450.5	7760.88	5063.74	3764.67	3844.73	20690.3	1221
431000	431	4.77359	28641.6	8180.3	4914.52	3751.55	3509.46	20725.7	1222
432000	432	4.84226	29053.5	7396.66	4838.93	3668.57	3185.59	20894.9	1222
433000	433	4.82812	28968.7	7438.63	4822.22	3676.11	3663.53	21120.7	1223
434000	434	4.90574	29434.4	7950.44	5050.09	3766.46	3064.46	20856	1223
435000	435	4.82038	28922.3	7607.47	4957.91	3695.46	2791.87	20581.5	1223
436000	436	4.77309	28638.5	7926.34	5246.08	3521.64	3709.26	21039	1225
437000	437	4.75886	28553.2	7879.62	5018.73	3739.84	4137.69	20865.6	1227
438000	438	4.86821	29209.3	7262.68	4948.55	3713.05	2863	21149.1	1227
439000	439	4.74044	28442.7	8006.71	4954.46	3797.86	3904.17	20814.7	1229
440000	440	4.86735	29204.1	7581.77	4683.65	3701.11	3448.6	20785.4	1230
441000	441	4.88941	29336.5	7542.07	4772.33	3579.43	3058.47	21222.2	1230
442000	442	4.98262	29895.7	7987.46	4960.41	3759.16	2908.51	20640.4	1230
443000	443	4.71308	28278.5	7585.01	5006.37	3623.84	3920.63	20724.9	1232
444000	444	4.98583	29915	8176.48	4718.39	3668.65	4061.94	21130.4	1234
445000	445	4.73936	28436.2	7585.28	4899.14	3961.81	3427.26	20718.2	1235
446000	446	4.89459	29367.6	7931.21	5054.07	3715.37	4782.51	21203.5	1238
447000	447	4.76272	28576.3	7747.01	5291.49	3829.43	3930.77	21132.5	1240
448000	448	4.80606	28836.3	7626.46	4982.18	3739.21	3711.05	21267.2	1241
449000	449	4.82463	28947.8	7894.18	4968.7	3461.59	3378.73	21159.4	1242
450000	450	4.81526	28891.5	7894.22	4741.33	3781.38	3241.15	21034.4	1242
451000	451	4.78488	28709.3	7771.18	5277.15	3591.28	3162.99	20934.5	1242
452000	452	4.76324	28579.4	7523.21	4897.15	3842.1	3103.28	20795.3	1242
453000	453	4.83372	29002.3	7680.51	4884.83	3817.92	3238.85	20940.2	1242
454000	454	4.85756	29145.4	7989	5491.3	3870.24	3487.76	21185.3	1243
455000	455	4.75954	28557.2	8052.85	5069.7	3905.15	3273.46	21000	1244
456000	456	4.89243	29354.6	8005.33	4628.89	3726.31	4021.67	21371.2	1246
457000	457	4.867	29202	8163.87	5049.98	3850.37	3141.42	20965.5	1246
458000	458	4.88257	29295.4	7623.47	5072.44	3682.58	3458.44	21103.5	1247
459000	459	4.74366	28461.9	8217.13	4854.13	3706.63	2932.98	20709.5	1247
460000	460	4.85901	29154.1	7712.47	4926.39	3860.55	3254.36	20966.1	1247
461000	461	4.83599	29016	7933.47	5018.96	3860.2	3045.85	21118.9	1247
462000	462	4.83369	29002.2	7479.93	4948.63	3697.18	2953.03	21238	1247
463000	463	4.84409	29064.5	8365.46	5124.21	3836.17	3521.52	21017.4	1249
464000	464	4.79059	28743.6	7692.95	5023.45	3894.73	3693.42	21207.3	1251
465000	465	4.78203	28692.2	7787.11	5056.13	3796.77	2849.67	20923.8	1251
466000	466	4.85593	29135.6	7302.83	4952.24	3656.98	3258.81	21125.9	1251
467000	467	4.8875	29325	7800.8	4956.77	3852.17	3464.27	20879	1252
468000	468	4.85249	29114.9	7847.45	4911.88	3925.65	3495.34	20975.5	1253
469000	469	4.78681	28720.9	8152.76	5080.42	3705.81	3246.01	20949.2	1255
470000	470	4.80787	28847.2	7856.95	4764.89	3798.87	2982.84	20734.1	1255
471000	471	4.8672	29203.2	7876.05	4865.51	3786.26	3499.51	21045.5	1256
472000	472	4.92352	29541.1	7580.99	5229.19	3918.11	2920.87	21008.4	1256
473000	473	4.8239	28943.4	7925.01	5280.29	3737.96	4688.23	21270.1	1260
474000	474	4.79986	28799.1	8016.09	5075.93	3712.51	2926.85	20944.7	1260
475000	475	4.94629	29677.7	7849.05	4751.91	3633.02	4258.95	21369.1	1263
476000	476	4.8864	29318.4	7681.19	5146.25	3754.82	3075.07	21179.1	1263
477000	477	4.88037	29282.2	7898.53	4828.15	3790.32	3213.83	20538.9	1264
478000	478	4.75632	28537.9	7908.98	5043.66	3806.65	4067.95	20657.4	1266
479000	479	4.73557	28413.4	7347.33	5277.03	3814.3	2965.6	21043.9	1266
480000	480	4.72291	28337.5	7432.67	5179.13	3897.27	3814.66	21033.7	1267
481000	481	4.70081	28204.8	7455.91	5346.52	3703.21	3376.69	21049.9	1268
482000	482	4.81531	28891.9	7918.8	5191.7	3775.28	4389.1	20902.9	1272
483000	483	4.88468	29308.1	8298.57	4951.85	3879.4	4452.13	21302.9	1275
484000	484	4.81578	28894.7	7586.92	4944.42	3965.3	4276.64	21015.4	1277
485000	485	4.81568	28894.1	7739.73	4974.97	3907.32	3196.22	21233.4	1277
486000	486	4.78571	28714.3	7824.61	4753.24	3996.41	3198.38	21340.5	1278
487000	487	4.8174	28904.4	7644.7	4949.1	3962.35	3371.55	20986.4	1279
488000	488	4.7584	28550.4	7606.73	4698.23	3879.24	5058.43	20779.8	1283
489000	489	4.73023	28381.4	7808.33	4788.61	3947.4	3107.3	21110.2	1283
490000	490	4.87882	29272.9	7935.61	5336.87	3940.05	3819.45	20955.6	1284
491000	491	4.86883	29213	7673.2	5042.36	3925.96	3535.68	20908.9	1285
492000	492	4.8594	29156.4	7841.67	4668.69	3894.08	3588.25	21271.3	1286
493000	493	4.79917	28795	7679.05	5086.94	3940.16	3717.49	21316.1	1287
494000	494	4.89977	29398.6	7627.82	4762.31	3908.24	3703.19	21061.1	1288
495000	495	4.89926	29395.5	8013.82	5037.59	3715.15	4060.19	21256.4	1290
496000	496	4.83744	29024.7	7813.53	4632.3	3923.15	3322.83	21273.4	1291
497000	497	4.77005	28620.3	7777.51	4995.5	3782.68	5301.85	20883.4	1295
498000	498	4.82515	28950.9	7519.6	4888.31	3747.52	3702.96	21259.1	1296
499000	499	4.78887	28733.2	7820.12	4968.97	3993.6	3334.66	21180.8	1296
500000	500	4.77607	28656.4	7842.66	4959.86	3903.48	3764.88	21263.6	1297
501000	501	4.80469	28828.2	8027.64	4785.07	3981.11	3196.24	21311.8	1297
502000	502	4.89758	29385.5	7718.61	4842.33	3865.12	3057.82	20887.9	1297
503000	503	4.82457	28947.4	7766.75	5078.48	4093.02	3218.56	21067.1	1297
504000	504	4.80666	28840	8075.33	5270.42	4110.08	3064.2	21238.6	1297
505000	505	4.89951	29397.1	7549.66	5049.29	4151.59	3810.96	21212.9	1299
506000	506	4.92631	29557.9	8039.78	5048.79	4006.61	3630.3	21557.3	1300
507000	507	4.73116	28387	8011.48	4798.98	4257.15	3726.87	21409.5	1301
508000	508	4.84814	29088.8	7486.51	4871.85	4098.55	4150.5	21404.4	1303
509000	509	4.85854	29151.3	8113.78	5019.37	3837.59	2955.17	21159.4	1303
510000	510	4.83547	29012.8	7946.01	4748.13	3952.62	3896.72	21275.5	1304
511000	511	4.7995	28797	7770.51	5060.73	3890.95	3438.93	21106.2	1305
512000	512	4.83474	29008.4	7765.31	4884.89	3925.7	4024.75	21252.1	1308
513000	513	4.87502	29250.1	7835.18	4679.26	4042.37	3059.64	21057	1308
514000	514	4.72774	28366.4	7889.03	5089.98	4093.54	4366.1	21729.4	1310
515000	515	4.77817	28669	7877.14	4989.32	4139.98	4045.03	21371.3	1312
516000	516	4.80705	28842.3	7290.64	4866.9	4085.47	3273.56	21320.4	1313
517000	517	4.83035	28982.1	7739.22	5104.51	3955.89	4113.43	21207.8	1315
518000	518	4.8607	29164.2	7756.05	4906.79	3914.36	4379.41	21137.2	1317
519000	519	4.88108	29286.5	7761.47	5077.21	4113.63	3262.4	21276.1	1317
520000	520	4.82454	28947.3	7815.56	4877.49	4111.81	3124.02	21031.7	1317
521000	521	4.84851	29091.1	7694.15	5220.47	3946.34	4465.54	21292.5	1319
522000	522	4.71812	28308.7	8000.28	5019.49	4026.95	3622.07	21186.2	1320
523000	523	4.74005	28440.3	7753.7	5144.17	4070.47	2997.14	20943.6	1320
524000	524	4.79287	28757.2	8038.01	4732.86	3915.09	3850.47	21015.2	1322
525000	525	4.86317	29179	7951.6	5110.35	4126.57	3202.23	21400.6	1322
526000	526	4.80166	28810	7786.9	4921.85	4095.63	3402.62	21052.7	1322
527000	527	4.86155	29169.3	7818.47	4821.56	4032.78	3320.83	21296.1	1322
528000	528	4.83966	29037.9	7638.66	4990.7	4001.03	3249.51	20992.8	1322
529000	529	4.92933	29576	7798.8	5131.85	3902.44	3517.42	20874.3	1323
530000	530	4.94148	29648.9	7897.89	4903.91	3866.32	3775.1	21532.9	1324
531000	531	4.82902	28974.1	7790.26	4977.04	4006.26	3762.9	21281.9	1325
532000	532	4.92515	29550.9	7760.18	5038.47	3965.55	4563.35	21044.2	1328
533000	533	4.84032	29041.9	8093.56	4779.92	4006.78	4208.6	21264.4	1331
534000	534	4.77964	28677.9	8029.78	4910.58	3973.03	4010.53	21010.8	1333
535000	535	4.9411	29646.6	7856.04	5094.05	3974.01	3819.44	21496	1335
536000	536	4.82664	28959.9	7867.41	5200.69	4043.61	3423.2	21443.3	1335
537000	537	4.9025	29415	8135.84	4894.43	4095.92	3853.28	21662.8	1336
538000	538	4.98929	29935.8	8149.81	5198.26	4127.03	3816.08	21557.5	1337
539000	539	4.90861	29451.7	7789.8	4805.71	4148.03	3226.35	21308.7	1338
540000	540	4.92699	29561.9	8067.03	4974.32	4116.8	4019.6	21440.3	1339
541000	541	4.85124	29107.4	7923.09	5086.99	3987.72	3967.53	21539	1340
542000	542	4.99343	29960.6	7945.49	4883.52	4098.1	3081.8	21576.3	1340
543000	543	4.86132	29167.9	7806.14	5147.26	4131.44	3264.82	21259.5	1340
544000	544	4.91589	29495.3	8336.97	5247.42	4006.96	4330.49	21640.8	1342
545000	545	4.82299	28937.9	8036.67	5199.24	4023.08	3302.34	21372.2	1342
546000	546	4.83114	28986.8	7943.38	4919.48	3889.96	4610.91	21297.3	1344
547000	547	4.80521	28831.2	7772.29	4855.13	3873.6	3840.46	21601.8	1345
548000	548	4.77166	28630	7747.57	5210.84	4073.75	3450.67	21503.1	1346
549000	549	4.81648	28898.9	8139.18	5094.43	4111.28	3965.75	21162.4	1348
550000	550	4.95862	29751.7	7831.77	4847.54	4066.37	4090.4	21293	1349
551000	551	4.85334	29120	8006.64	5239.67	4084.83	3580.47	21439.2	1350
552000	552	4.8217	28930.2	8113.73	4813.3	4190.33	3080.54	21464	1350
553000	553	4.91925	29515.5	8033.84	4962.44	4255.2	3278.43	21496.8	1350
554000	554	4.8881	29328.6	8127.67	5247.25	4139.6	4411.66	21581.7	1353
555000	555	6.07536	36452.2	9765.68	6309.47	4374.99	4007.01	21191.2	1354
556000	556	4.91342	29480.5	7827.04	4953.21	4391.22	4068.59	21668.7	1355
557000	557	4.82295	28937.7	7644.29	5275.91	4118.94	3511.29	21521.1	1355
558000	558	4.90183	29411	7808.58	4834.64	4292.35	3368.62	21686.3	1355
559000	559	4.95401	29724.1	8241.35	4817	4210.96	3634.3	21513.4	1356
560000	560	4.67871	28072.2	7782.15	4749.21	4126.32	3362.4	21743.2	1356
561000	561	4.86483	29189	7583.58	5112.6	4056.46	3548.63	21667.1	1356
562000	562	4.85138	29108.3	7990.85	5211.94	4216.15	3865.87	21618.8	1357
563000	563	4.77352	28641.1	7767.36	5179.55	4012.98	3854.96	21630.9	1358
564000	564	4.9108	29464.8	7673.97	4897.44	4215.95	4407.23	21110.9	1360
565000	565	5.00153	30009.2	7735.68	5000.84	4333.68	3571.36	21716.3	1360
566000	566	4.95113	29706.8	7607.53	4960.71	4233.74	3893.47	21522	1361
567000	567	4.84226	29053.6	7932.1	5066.75	4144.15	4053.61	21784.3	1362
568000	568	4.97335	29840.1	7634.4	4908.46	4261.69	4478.88	21960.1	1364
569000	569	4.89142	29348.5	7734.83	4884.85	4193.61	3833.53	21758.6	1365
570000	570	4.90365	29421.9	7890.22	5185.2	4252.86	3759.15	21801	1366
571000	571	4.77295	28637.7	7959.92	4931.5	4168.07	3960.86	21282.1	1367
572000	572	4.93756	29625.4	7921.62	5080.45	4116.28	4199.24	21724.2	1368
573000	573	4.95082	29704.9	8271.02	5044.29	4183.19	3797.62	21327	1370
574000	574	4.81194	28871.6	7816.74	4763.56	4041.96	3565.56	21351.1	1370
575000	575	4.81434	28886	7952.26	4985.1	4177.47	4075.52	21344	1372
576000	576	4.98349	29900.9	7788.19	5062.61	4059.98	3124.37	21112.2	1372
577000	577	4.801	28806	7739.3	4815.2	3781.8	3666.82	21687.4	1373
578000	578	4.93485	29609.1	7842.04	5068.41	4170.06	3402.99	21641	1373
579000	579	4.8382	29029.2	7723.67	4886.79	4123.05	3276.42	21361	1373
580000	580	4.85737	29144.2	7887.6	5099.96	4151.93	4072.33	21456.9	1374
581000	581	4.8086	28851.6	7945.58	4954.69	4244.73	3502.08	21652.8	1374
582000	582	4.93998	29639.9	7654.64	5029.91	4449.32	3542.99	21557.4	1375
583000	583	4.91459	29487.5	7898.84	5096.96	4329.75	3633.29	21659.6	1375
584000	584	4.86715	29202.9	8049.32	4804.21	4038.83	4277.73	21809.3	1378
585000	585	4.79104	28746.2	7947.85	4953.11	4254.95	3607.93	21620.6	1379
586000	586	4.85446	29126.7	7597.02	5021.84	4275.15	4374.61	21383.7	1382
587000	587	5.0476	30285.6	7681.7	4669.88	4228.15	4260.98	21411.8	1383
588000	588	4.8322	28993.2	7772.16	4924.63	4196.35	3358.02	21367.3	1383
589000	589	4.77383	28643	7663	4770.66	4458.87	3829.29	21601.3	1384
590000	590	4.89331	29359.9	7522.39	5070.15	4176.12	4282.09	21381.5	1386
591000	591	4.83871	29032.2	7859.55	4612.72	4301.33	4527.39	21786.7	1388
592000	592	4.90798	29447.9	7786.03	5160.31	4144.1	4053.48	21523.7	1390
593000	593	4.93392	29603.5	8072.3	5071.29	4198.12	3218.65	21367.9	1390
594000	594	4.86292	29177.5	7506.89	5061.65	4346.56	3303.41	21511.3	1390
595000	595	4.8494	29096.4	8372.47	4761.62	4289.55	4392.29	21065.3	1392
596000	596	4.78499	28709.9	8051.73	4817.96	4265.46	3442.75	21515.2	1392
597000	597	4.93818	29629.1	8312.51	5015.13	4155.91	3314.91	21587.9	1392
598000	598	4.82918	28975.1	8085.12	4904.61	4075.38	5755.92	21647.7	1397
599000	599	4.89455	29367.3	7895.97	4724.84	4385.74	3654.04	21653.5	1399
600000	600	5.01765	30105.9	8199.47	4832.02	4347.51	3934.78	21744.6	1400
601000	601	4.8763	29257.8	8067.3	5014.3	4172.86	3675.25	21589.9	1401
602000	602	4.84718	29083.1	8158.61	5177.85	4205.79	3574.07	21690.5	1401
603000	603	4.82797	28967.8	7741.21	5051.21	4443.36	3722.95	21815	1402
604000	604	4.82449	28946.9	7745.76	4904.82	4254.37	4238.2	21972.7	1403
605000	605	4.91783	29507	7841.11	4865.13	4301.85	3494.83	21825.6	1403
606000	606	4.95531	29731.8	7524.92	5171.36	4333.79	3978.45	21663.3	1404
607000	607	4.90328	29419.7	7772.96	4924.45	4066.09	3932.86	21656.6	1405
608000	608	4.89182	29350.9	8172.54	4992.53	4205.61	4660.23	21957	1407
609000	609	4.76024	28561.4	7923.86	5194.09	4477.99	3684.81	21847.5	1408
610000	610	4.91894	29513.6	7998.55	4913.95	4474.88	3301.5	21730.3	1408
611000	611	4.68234	28094	7890.82	4928.04	4460.28	4051.31	21756.6	1409
612000	612	4.7828	28696.8	7824.69	5067.43	4228.94	3518.24	21544.1	1409
613000	613	4.8583	29149.8	7894.99	5092.36	4286.53	3470.2	21642.5	1409
614000	614	4.9363	29617.8	7865.78	4845.63	4330.84	3386.67	21462.5	1409
615000	615	4.92647	29558.8	8173.9	5072.83	4361.3	3939.92	21685.2	1410
616000	616	4.86812	29208.7	7913.17	5017.57	4191.1	3306.79	21816	1410
617000	617	4.76315	28578.9	7864.9	5095.22	4305.16	3402.7	21685.5	1410
618000	618	5.00169	30010.1	8001.16	4568.35	4293.74	3487.24	22114.3	1410
619000	619	5.04929	30295.8	8169.14	5796.33	4399.92	3747.55	21880.5	1410
620000	620	4.77666	28660	8189.7	5195.97	4234.26	4249.28	21675.5	1411
621000	621	4.85083	29105	7644.06	5186.87	4301.32	4117.18	21608.5	1412
622000	622	4.94099	29645.9	8119.58	4921.23	4170.19	3491.35	21740.2	1412
623000	623	4.86202	29172.1	8422.01	5175.27	4230.12	4182.97	22097.6	1413
624000	624	4.89124	29347.4	7966.95	5218.68	4309.61	3326.27	21955.8	1413
625000	625	4.81157	28869.4	7722.24	4989.77	4391.94	4324.05	21599.4	1415
626000	626	5.02624	30157.4	7738.33	5004.66	4230.82	3483.83	21521.3	1415
627000	627	4.87938	29276.3	7828.89	4859.19	4367.79	3502.3	21637.1	1415
628000	628	4.95453	29727.2	7909.05	4996.99	4165.52	3723.51	22006.8	1415
629000	629	4.87998	29279.9	7948.78	5234.4	4429.41	4871.53	21782.2	1418
630000	630	4.81256	28875.4	7919.18	4897.62	4532.14	3534.1	21971.1	1419
631000	631	4.88131	29287.9	7912.57	4885.64	4226.15	3345.31	21938.9	1419
632000	632	4.89295	29357.7	8121.38	5130.5	4223.51	3633.99	21611.9	1419
633000	633	4.92886	29573.2	7708.65	4810.75	4304.52	4119.22	21570.3	1420
634000	634	4.91378	29482.7	8096.37	5200.92	4427.14	3757.33	21437.7	1420
635000	635	4.92996	29579.7	8005.71	4856.67	4448.22	3472.97	21453.4	1420
636000	636	4.83024	28981.5	7755.95	5147.62	4239.86	4014.37	21819.7	1421
637000	637	4.9357	29614.2	7898.98	4933.14	4030.2	4101.17	21500.1	1422
638000	638	4.71622	28297.3	8052.89	5014.04	4048.08	3978.82	21641.5	1423
639000	639	5.00793	30047.6	8228.26	5251.34	4052.26	3487.98	21324	1423
640000	640	4.89016	29340.9	8253.5	5259.07	4292.6	3342.5	21952.4	1423
641000	641	4.85597	29135.8	7966.91	4784.91	4229.97	4667.59	21616.3	1425
642000	642	4.9679	29807.4	7599.82	5206.28	4185.08	3683.93	21566.8	1425
643000	643	4.89802	29388.1	8361.61	5311.24	4289.91	3611.69	21523.2	1425
644000	644	5.00558	30033.5	8061.23	5136.58	4299.67	3699.53	21637	1425
645000	645	4.80322	28819.3	7996.18	5197.84	4141.16	4303.61	21766	1427
646000	646	4.91145	29468.7	7852.5	4874.54	4231.64	3490.86	21890.7	1427
647000	647	4.89607	29376.4	7990.99	5193.45	3969.44	4078.86	21745.9	1428
648000	648	4.77719	28663.1	7619.54	4974.69	4165.19	3391.48	21725.1	1428
649000	649	4.93659	29619.6	8082.82	5196.28	4282.58	3486.61	21862.9	1428
650000	650	4.89083	29345	8057.2	4914.75	4201.25	5370.3	21875.1	1432
651000	651	4.83821	29029.3	8148.14	4931.2	4243.12	4096.53	21513.8	1433
652000	652	4.94336	29660.2	8157.89	5142.19	4407.7	4433.24	21948.7	1435
653000	653	4.95217	29713	7670.03	4715.12	4651.14	3852.99	21985.9	1436
654000	654	4.86198	29171.9	7841.29	5076.48	4462.77	3626.41	21839.3	1436
655000	655	4.89577	29374.6	7762.35	5368.89	4341.91	5159.47	21774.8	1440
656000	656	5.07797	30467.8	7976.05	4872.55	4388.9	3413.69	21950.4	1440
657000	657	4.89404	29364.2	7913.87	4741.64	4384.99	3365.99	21919.5	1441
658000	658	4.88849	29330.9	8172.86	5037.12	4311.56	3502.84	22012	1441
659000	659	4.89084	29345	7927.16	5166.11	4245.53	3440.37	21829.9	1441
660000	660	4.79749	28784.9	7626.02	4930.05	4411.73	4404.92	21886.3	1443
661000	661	4.73314	28398.8	7642.97	4711.1	4286.61	3386.24	21818.3	1443
662000	662	4.9615	29769	7923.28	5077.86	4413.16	3576.34	21856.7	1444
663000	663	4.92732	29563.9	7786.58	5066.42	4303.84	4330.26	22053	1445
664000	664	4.85845	29150.7	7643.67	5144.62	4427.03	4002.66	21775.3	1446
665000	665	4.90021	29401.3	7774.99	4823.99	4513.39	3457.37	21954.4	1446
666000	666	4.93971	29638.2	7935.28	5045.12	4345.76	4106.48	21725.2	1447
667000	667	4.90219	29413.2	7823.14	4846.72	4498.47	3709.88	21783.1	1448
668000	668	4.9405	29643	7695.73	4963.9	4250.4	3274.04	21717	1448
669000	669	4.82497	28949.8	8173.15	5093.47	4492.99	3558.89	21882.1	1448
670000	670	4.98966	29938	8028.61	5177.41	4377.45	4832.56	22048.4	1451
671000	671	4.89061	29343.7	7935.98	4907.92	4407.95	3438.88	21697	1451
672000	672	4.89967	29398	8120.24	5113.78	4519.46	3841.44	21755.7	1451
673000	673	4.94275	29656.5	8292.83	5291.67	4446.58	3509.02	22002.1	1451
674000	674	4.83092	28985.5	7744.89	5292.76	4498.49	3887.39	21862.3	1452
675000	675	4.80438	28826.3	7539.01	4984.79	4495.04	4051.49	21859.2	1453
676000	676	4.94902	29694.1	7909.75	4989.19	4314.48	3559.76	22125.7	1453
677000	677	4.84785	29087.1	7898.59	5132	4206.35	4373.66	22271.2	1455
678000	678	4.91743	29504.6	7953.27	4886.02	4284.53	4771.32	21724.6	1457
679000	679	4.80645	28838.7	8257.96	5299.23	4637.82	3793.07	22095.4	1457
680000	680	4.85961	29157.6	8319.2	4804.84	4403.35	4791.57	22310.2	1459
681000	681	4.98251	29895.1	7869.64	5066.73	4331.04	4001.65	21881.3	1460
682000	682	4.92118	29527.1	7921.7	4769.56	4279.52	3559.85	21897.5	1460
683000	683	4.93587	29615.2	8430.47	5195.02	4251.59	4245.79	22177.9	1461
684000	684	4.98238	29894.3	7986.48	4972.76	4366.78	3483.22	22048.7	1461
685000	685	4.88571	29314.3	7986.95	5020.11	4381.05	3506.48	22074.9	1461
686000	686	4.9475	29685	8094.13	5296.44	4375.85	4051.12	22051	1462
687000	687	4.87567	29254	8035.57	5173.59	4332.26	3792.41	21990.4	1462
688000	688	4.89621	29377.3	7880.14	5053.23	4363.78	3699.78	21982	1462
689000	689	4.89141	29348.5	7778.78	4935.83	4510.67	3556.9	21927.7	1462
690000	690	4.95074	29704.4	8119.22	4869.86	4680.28	4194.55	22055	1463
691000	691	4.93207	29592.4	8050.33	4816.93	4317.96	3838.9	21995.8	1464
692000	692	4.92829	29569.8	8203.22	5081.73	4267.87	4066.48	21783.7	1465
693000	693	4.92363	29541.8	8036.43	5363.55	4539.9	3439.89	22033.6	1465
694000	694	4.94918	29695.1	8095.41	5089.57	4507.03	3987.73	21974.3	1466
695000	695	4.91909	29514.5	7713.18	4964.6	4346.43	4310.73	21876.7	1467
696000	696	4.95564	29733.9	7892.4	5038.08	4531.86	4034.86	21610.6	1468
697000	697	4.89086	29345.1	7989.99	4969.75	4343.02	3631.75	22055.6	1468
698000	698	4.92312	29538.7	8117	4810.82	4504.48	4306.47	21724.8	1470
699000	699	4.87897	29273.8	8111.98	5035.41	4514.76	3540.43	22015.3	1470
700000	700	4.93712	29622.7	7775.63	5305.17	4491.47	3473.62	21894.8	1470
701000	701	4.82518	28951.1	7583.9	4952.13	4509.7	4002.74	22303.9	1471
702000	702	4.95332	29719.9	7965.2	5281.4	4572.5	3567.92	22058.6	1471
703000	703	4.87763	29265.8	8126.84	5037.02	4573.33	3574.88	22310	1471
704000	704	4.96295	29777.7	8236.11	4991.45	4646.84	3695.74	21924.2	1471
705000	705	4.95819	29749.1	8339.75	5211.39	4480.55	4320.65	21820.5	1472
706000	706	4.77024	28621.5	8526.61	4884.84	4474.02	3655.47	21867.8	1472
707000	707	4.90178	29410.7	8078.67	5280.82	4448.58	4960.76	21882.6	1474
708000	708	5.01505	30090.3	8080.12	5119.37	4478.29	4763.47	22090.3	1476
709000	709	4.9437	29662.2	7507.58	5054.67	4638.61	3539.38	21820.8	1476
710000	710	4.91098	29465.9	8031.73	4927.2	4417.86	3347.07	22180	1476
711000	711	4.8195	28917	8000.4	4961.48	4501.9	3707.15	22393.6	1477
712000	712	4.8758	29254.8	7726.49	5325.87	4751.23	4162.4	22057.4	1478
713000	713	4.91638	29498.3	7875.7	4910.78	4676.83	3442.24	21922.6	1478
714000	714	4.81767	28906	8223.54	4861.76	4534.32	4270.24	22067.4	1479
715000	715	4.87476	29248.5	8340.81	4714.7	4384.85	3519.47	21948.9	1479
716000	716	4.8621	29172.6	8053.34	5050.04	4334.49	4745.33	22143.8	1481
717000	717	4.93143	29588.6	7967.85	4667.01	4527.81	3516.77	22213.6	1481
718000	718	4.74953	28497.2	7974.86	5028.69	4615.76	3881.17	22127.6	1481
719000	719	4.82787	28967.2	7915.39	4769.33	4584.1	3588.28	22382.1	1481
720000	720	4.84725	29083.5	7936.02	5042.37	4562.29	3756.48	22208	1481
721000	721	4.82185	28931.1	7657.45	5155.93	4352.76	3513.89	22235.1	1481
722000	722	5.1273	30763.8	7942.39	4922.4	4528.65	3636.49	22235.5	1481
723000	723	5.08146	30488.8	8176.23	5786.1	4546.25	4348.09	22364.1	1483
724000	724	4.95891	29753.4	8071.94	4933.51	4297.19	5440.59	22021	1486
725000	725	4.97061	29823.7	7738.03	5105.06	4626.32	4549.94	21685.4	1488
726000	726	4.80418	28825.1	7697.64	4938.66	4636.35	3584.22	21807.4	1488
727000	727	4.76029	28561.7	7921.27	5098.68	4411.09	4100.19	21874.1	1489
728000	728	5.02127	30127.6	7646.65	4966.64	4635.56	4221.86	21616.4	1490
729000	729	4.91952	29517.1	7508.97	5001.15	4705.38	3800.65	21970.4	1490
730000	730	4.79492	28769.5	7899.8	4976.82	4389.17	4264.6	22245.5	1491
731000	731	4.84078	29044.7	8256.58	4860.11	4576.26	4394.55	22188.5	1493
732000	732	5.05019	30301.1	7778.14	4983.83	4422.98	3681.51	22494.1	1493
733000	733	4.86196	29171.8	8096.25	5084.93	4536.42	3829.38	22024.5	1493
734000	734	4.82357	28941.4	7969.68	4862.01	4740.62	4212.41	22103.5	1494
735000	735	5.61445	33686.7	8275.79	6317.65	4543.62	4385.6	22303.1	1494
736000	736	4.81708	28902.5	8210.55	5293.38	4683.22	3694.86	22180.5	1494
737000	737	4.75568	28534.1	8186.25	4709.69	4460.38	3800.78	22256.5	1494
738000	738	5.01931	30115.9	8012.81	4965.17	4754.71	3547.29	22092.1	1494
739000	739	4.88933	29336	8236.36	5248.24	4565.32	3801.65	22233.6	1494
740000	740	4.98332	29899.9	8120.38	4886.73	4794.69	3543.14	21819.8	1494
741000	741	5.02573	30154.4	7692.18	4767.35	4468.79	3611.1	22101.7	1494
742000	742	4.77366	28642	8065.41	4856.19	4556.37	3797.71	22130.9	1494
743000	743	5.06192	30371.5	8062.43	4842.19	4484.49	4320.78	22159.7	1495
744000	744	4.9215	29529	8046.05	5225.17	4719.21	3468.53	22072	1495
745000	745	4.80864	28851.8	7762.98	5002.3	4736.58	3618.01	21993.9	1495
746000	746	4.88682	29320.9	7875.02	4923.11	4750.17	4429.97	21973.9	1497
747000	747	4.81431	28885.8	8008.3	5070.78	4641.1	4249.01	22122	1498
748000	748	4.93301	29598	7980.65	4929.38	4802.95	3748.43	22018.6	1498
749000	749	4.78748	28724.9	8037.86	5135.18	4709.94	4320.17	22174.2	1499
750000	750	4.77789	28667.4	7829.86	5212.7	4776.7	3776.23	22362.3	1499
751000	751	4.82413	28944.8	7832.2	5106.2	4652.29	3655.4	22249.7	1499
752000	752	4.88321	29299.2	7548.51	4680.75	4833.39	4428.35	21487.9	1500
753000	753	4.94531	29671.8	8027.65	4882.99	4619.27	4218.72	21718.5	1501
754000	754	4.9728	29836.8	7774.87	5150.11	4662.58	4144.62	22361.1	1502
755000	755	4.8711	29226.6	7840.47	5199.89	4749.86	3840.75	22105.9	1503
756000	756	4.93594	29615.6	7721.2	5144.52	4745.62	4573.9	22320.5	1505
757000	757	4.87522	29251.3	7765.97	4977.33	4761.97	3883.38	22565.9	1506
758000	758	4.98882	29932.9	7861.62	5106.55	4490.17	4180	22610.9	1507
759000	759	4.85573	29134.4	7664.1	4885.99	4548.72	4017.49	22086.8	1508
760000	760	4.87185	29231.1	7927.23	5138.89	4436.4	4098.86	22452.3	1510
761000	761	4.8376	29025.6	7625.71	4990.42	4698.59	4731.15	22275.5	1512
762000	762	4.86636	29198.2	8073.39	5179.56	4589.48	3878.03	22218.3	1512
763000	763	4.97944	29876.7	7927.39	4972	4478	3841.87	22044.6	1512
764000	764	4.86391	29183.5	7756.54	5004.03	4637.5	3996.39	22101.1	1513
765000	765	4.82589	28955.3	7764.29	5009.71	4703.42	3761.51	22255	1513
766000	766	4.79307	28758.4	7792.69	4932.51	4669.63	4059.74	21890.8	1513
767000	767	4.86703	29202.2	7854.69	5268.22	4731.13	3667.77	22020.9	1513
768000	768	4.9493	29695.8	8223.86	5187.88	4502.32	3589.04	22037.8	1513
769000	769	4.83594	29015.6	7831.12	4894.73	4465.39	3806.97	21766.5	1513
770000	770	4.84726	29083.5	7961.91	5076.49	4882.17	3890.59	21992.1	1514
771000	771	4.78331	28699.9	7839.15	4924.19	4645.94	3714.69	22315.3	1514
772000	772	4.83062	28983.7	7687.62	4919.48	4789.53	3874.91	22416.7	1514
773000	773	4.84548	29072.9	7865.68	4613.93	4810.83	3618.47	22249	1514
774000	774	4.90689	29441.3	8074.54	5239	4712.72	3505.1	22107.2	1514
775000	775	4.87321	29239.3	7899.44	5256.16	4627.89	3836.46	22120.2	1514
776000	776	5.0032	30019.2	7783.88	5054.28	4516.09	3634.48	22131.4	1514
777000	777	4.78215	28692.9	7905.36	5101.83	4827.32	3499.1	22233.1	1514
778000	778	4.84389	29063.3	7811.63	5045.02	4631	3220.55	22094.1	1514
779000	779	4.9337	29602.2	7850.04	4816.26	4781.74	4315.66	22207	1515
780000	780	4.88097	29285.8	8007.03	5453.21	4639.95	4354.21	21747.6	1516
781000	781	5.02272	30136.3	7986.04	4876.18	4803.7	3675.28	22221.6	1516
782000	782	5.01797	30107.8	7882.93	5173.7	4753.67	3676.72	21770.6	1516
783000	783	4.90339	29420.4	7835.29	4965.23	4856.68	4086.29	21791.5	1517
784000	784	4.89794	29387.6	7685.97	5051.42	4715.59	4170.8	21718.8	1518
785000	785	4.83669	29020.1	7869.59	4714.3	4717.64	3641.03	21753.5	1518
786000	786	4.94417	29665	8379.95	5093.52	4669.92	4157.11	21988.7	1519
787000	787	4.94387	29663.2	7945.25	4989.1	4678.42	4495.51	22105.7	1521
788000	788	4.82194	28931.7	8257.69	5075.17	4732.51	3648.96	21802.3	1521
789000	789	5.13681	30820.8	7961.33	5035.97	4744.1	3772.73	21895.2	1521
790000	790	4.87593	29255.6	7943.52	4912.36	4661.47	4309.85	22158.9	1522
791000	791	4.84014	29040.8	8041.35	4999.01	4697.38	4712.21	22421.2	1524
792000	792	5.09776	30586.5	7961.3	5120.05	4563.84	3248.27	22044.4	1524
793000	793	4.69986	28199.1	7904.73	5359.36	4716.94	3763.6	21748.1	1524
794000	794	5.0472	30283.2	10738.8	5348.62	4525.51	3667.67	22105.4	1524
795000	795	4.95498	29729.9	7795.12	5031.35	4680.1	3986.34	22204.7	1525
796000	796	4.93912	29634.7	8074.07	4787.81	4804.4	4396.38	22135.7	1527
797000	797	4.88636	29318.1	7915.74	5257.17	4670.61	3787.54	22582.6	1527
798000	798	4.90346	29420.7	8028.42	4911.51	4579.04	4373	22137.3	1528
799000	799	4.829	28974	7683.25	4773.2	4482.84	3711.07	22129.3	1528
800000	800	4.93047	29582.8	7737.3	4752.4	4638.43	4131.69	22391.1	1529
801000	801	4.89574	29374.5	7865.74	5043.35	4682.17	3621.41	22148.6	1529
802000	802	4.9389	29633.4	7788.9	4977.22	4630.33	4217.08	22219.8	1530
803000	803	4.89128	29347.7	8030.01	5035.9	4765.95	4487.3	22087.8	1532
804000	804	5.00785	30047.1	7800.18	5021.2	4860.17	3679.67	22403.4	1532
805000	805	4.96179	29770.8	7813.85	5113.71	4935.32	4569.91	21882.7	1533
806000	806	4.8331	28998.6	7897.34	4803.26	4672.15	5110.43	22296.6	1535
807000	807	4.8866	29319.6	7964.32	4948.86	4748.52	3707.76	22120.5	1535
808000	808	4.9363	29617.8	7924.79	4519.96	4684.71	3758.73	22013.4	1535
809000	809	4.99095	29945.7	7976.57	5224.72	4929.39	4695.75	22423.6	1537
810000	810	4.80606	28836.4	8033.17	4777.33	4792.94	3740.37	22414.5	1537
811000	811	4.87897	29273.8	8402.76	4921.85	4981.42	3959.8	22168.3	1537
812000	812	5.01629	30097.7	8099.3	5140.73	4831.2	3851.17	22264.9	1537
813000	813	4.89392	29363.5	7835	4880.35	4802.92	3836.5	22318.2	1537
814000	814	4.92076	29524.5	8351.29	5158.78	4801.37	3837.8	22333.4	1537
815000	815	4.98524	29911.4	8368.54	5274.82	4827.93	3952.72	22033.2	1538
816000	816	4.93179	29590.7	8185.38	5073.28	5022.83	3668.2	22265.1	1538
817000	817	4.87071	29224.3	7932.89	4815.15	4856.19	3862.08	22406.3	1538
818000	818	4.82738	28964.3	7958.92	5134.49	4711.45	4121.01	22193.9	1539
819000	819	4.97836	29870.1	8100.64	4978.37	4977.74	4235.64	22081.4	1540
820000	820	4.86688	29201.3	8040.3	5178.26	4999.59	3762.33	22575.9	1540
821000	821	4.89865	29391.9	8194.6	5098.67	4887.45	4026.1	22355.9	1540
822000	822	4.92084	29525	7617.1	5160.98	5021.91	3531.24	22278	1540
823000	823	4.84687	29081.2	8167.75	4901.01	4749.24	3727.06	22116	1540
824000	824	4.9165	29499	8120.91	5124.65	4653.81	4442.51	22239.6	1541
825000	825	5.00614	30036.9	8076.54	5029.71	4827.16	3738.3	22566.8	1541
826000	826	4.99797	29987.8	7576.67	5019.82	4747.48	3828.3	22371.1	1541
827000	827	4.96593	29795.6	8160.87	5057.02	4730.27	3828.51	22316.2	1541
828000	828	4.95545	29732.7	8035.11	5266.07	4783.58	4607.55	22266.5	1542
829000	829	4.96558	29793.5	7813.68	4980.23	4856.28	3686.1	22277	1542
830000	830	4.96175	29770.5	7810.22	5083.6	4625.22	3852.3	22266.9	1542
831000	831	4.99041	29942.4	8048.08	4928.56	4558.25	3844.76	22533.6	1542
832000	832	4.95567	29734	7810.22	5012.25	4621.04	3902.56	22599.2	1542
833000	833	4.91879	29512.7	7851.16	4916.56	4762.94	3786.72	22132.8	1542
834000	834	4.96819	29809.1	7781.64	5061.82	4647.2	3634.02	22218.9	1542
835000	835	5.10103	30606.2	8141.12	5073.58	4655.4	4080.21	22914.5	1542
836000	836	4.89364	29361.8	8032.34	5217.19	4785.81	4942.97	22387	1544
837000	837	4.81352	28881.1	7924.96	5102.62	4958.83	4414.1	22327.3	1545
838000	838	4.9615	29769	7823.83	5084.86	4929.83	3641.04	22617.1	1545
839000	839	4.87776	29266.6	8017.58	5157.32	5040.12	3607.55	22268	1545
840000	840	4.96539	29792.4	8101.21	5177.21	4812.93	3952.81	22341.2	1546
841000	841	4.85047	29102.8	7881.06	5207.96	4809.45	3679.42	22442.8	1546
842000	842	5.03204	30192.2	7680.3	5410.05	4816.28	4210.1	22086	1547
843000	843	4.94324	29659.4	8277.31	4990.76	4864.67	4309.57	22539.1	1548
844000	844	4.9372	29623.2	7996.78	5052.73	4630.2	4053.44	21960.7	1548
845000	845	4.86773	29206.4	8066.91	4753.06	4718.17	3926.62	22554.2	1548
846000	846	4.88767	29326	8055.9	5138.92	4859.4	4754.33	22794	1550
847000	847	4.97571	29854.2	7850.8	5125.1	4677.46	3697.72	22288.3	1550
848000	848	4.94367	29662	7805.8	4777.08	4669.51	4538.19	22365.4	1551
849000	849	4.92692	29561.5	7901.95	4822.5	4743.38	4451.35	22638.9	1553
850000	850	4.85754	29145.3	7667.36	4815.39	4568.39	3761.15	22553	1553
851000	851	4.93648	29618.9	8154.8	5298.11	4539.37	4207.18	22289.4	1554
852000	852	4.90143	29408.6	7822.61	4962.57	4622.42	3732.54	22396.7	1554
853000	853	4.92469	29548.1	7878.14	5054.06	4742.03	5207.35	22413.6	1557
854000	854	4.94895	29693.7	8671.78	5552.13	4853.13	4034.03	22534.9	1557
855000	855	4.89898	29393.9	7963.41	4804.9	4708.38	4153.86	22502.7	1558
856000	856	4.97988	29879.3	7546.56	5149.09	4527.8	3726.86	22671.2	1558
857000	857	4.91013	29460.8	7901.85	5219.5	4617.43	3825.84	22347.3	1558
858000	858	4.97073	29824.4	7931.43	4757.97	4550.32	4624.71	22363.7	1560
859000	859	5.05937	30356.2	8029.23	5044.78	4917.01	3948.49	22590	1560
860000	860	4.944	29664	8138.53	4936.55	4847.46	3661.46	22764.6	1560
861000	861	4.82655	28959.3	7914.94	5129.86	4775.4	3985.11	22691.1	1560
862000	862	4.88283	29297	7707.3	5353.85	4760.66	3987.2	22534.7	1560
863000	863	4.92558	29553.5	8066.91	5191.73	4705.18	3985.72	22458.7	1560
864000	864	4.9832	29899.2	7861.5	5467.83	4661.99	3908.19	22563.3	1560
865000	865	4.98978	29938.7	7721.96	5025.14	4718.93	3769.08	22408.3	1560
866000	866	4.95889	29753.3	7699.38	5001.74	4783.27	3609.81	22229.4	1560
867000	867	5.09625	30577.5	7947.14	5088.61	4938.99	3856.41	22371.6	1560
868000	868	4.9267	29560.2	8013.3	5129.55	4701.09	3973.21	22287.8	1560
869000	869	4.91086	29465.2	8346.97	5243.09	4761.55	3700.1	22178.8	1560
870000	870	4.92553	29553.2	7804.37	5353.81	4851.01	3905.34	22169.1	1560
871000	871	4.88555	29313.3	7867.54	4924.89	4896.21	3680.3	22399.7	1560
872000	872	4.93999	29640	7974.59	5044.55	4716.89	3807.7	22424.9	1560
873000	873	4.84711	29082.6	7660.28	4897.24	4492.7	4182.51	22252.8	1561
874000	874	4.90459	29427.6	7952.25	5390.93	4532.09	3929.51	22323.6	1561
875000	875	4.87455	29247.3	7711.98	5240.92	4898.51	3630.83	22220.2	1561
876000	876	4.86091	29165.5	7808.2	4952.57	4936.32	3765.34	22224.7	1561
877000	877	4.97927	29875.6	8157.73	5350.22	4745.61	3850.31	22491.3	1561
878000	878	4.91925	29515.5	7846.72	5096.63	4915.76	4146.65	22008	1562
879000	879	4.98608	29916.5	7933.49	5142.39	5020.62	4163.38	22395.6	1563
880000	880	4.98102	29886.1	7664.42	5013.98	4791.01	3755.37	22563.5	1563
881000	881	4.84172	29050.3	7807.65	5153.32	4876.47	4514.92	22369.8	1564
882000	882	4.98395	29903.7	11230.4	5318.58	4755.9	3835.58	22754.5	1564
883000	883	4.90068	29404.1	8111.31	4974.58	4877.61	3905.83	22323.7	1564
884000	884	4.83463	29007.8	8130.99	5108.9	4730.4	4124.5	22376.2	1564
885000	885	4.97515	29850.9	8070.04	5019.07	5008.32	4260.53	22379.5	1565
886000	886	5.20662	31239.7	7832.71	5291.4	4940.86	3886.66	22496	1565
887000	887	4.87861	29271.6	7895.99	5261.32	4884.62	3863.44	22169.4	1565
888000	888	4.89822	29389.3	7856.79	5282.66	4856.9	4544.62	22416.3	1566
889000	889	5.00733	30044	8101.64	4794.74	4997.15	4587.18	21994.3	1567
890000	890	4.81625	28897.5	8124.34	5071.41	4990.74	4239.68	22271.4	1569
891000	891	4.87592	29255.5	7951.03	5071.59	5065.65	4505.18	22396.8	1570
892000	892	4.91853	29511.2	8203.64	4891.08	4973.12	4271.85	22472.5	1571
893000	893	4.95928	29755.7	8113.36	5141.17	5229.95	3869.82	22240.7	1571
894000	894	4.91534	29492	8068.78	5004.82	5018.73	3679.04	22410.1	1571
895000	895	4.89594	29375.6	7882.57	4863.39	4737.41	3744.39	22213.5	1571
896000	896	4.84698	29081.9	8107.96	5029.36	4855.28	4396.02	22482	1572
897000	897	4.92836	29570.2	7767.12	5152.32	4917.9	3972.43	22513.7	1572
898000	898	4.93758	29625.5	7916.66	4900.64	4702.12	3908.88	22228.8	1572
899000	899	4.88359	29301.5	7859.01	5006.03	4922.86	3635.64	22384.2	1572
900000	900	4.92418	29545.1	7913.69	5256.92	4998.85	4419.43	22244.1	1574
901000	901	5.0382	30229.2	7931.96	5146.3	4697.92	5212.74	22270.7	1577
902000	902	4.91738	29504.3	7902.84	5169.86	4822.42	3528.68	21938.4	1577
903000	903	5.01863	30111.8	7498.37	5033.09	4894.55	3864.59	22043.6	1577
904000	904	5.09622	30577.3	7949.38	4924.13	4823.39	4072.16	22331.6	1577
905000	905	4.89323	29359.4	7923.09	5088.57	4872.07	3998.02	22411.3	1577
906000	906	4.81231	28873.9	8364.13	5213	4885.94	3836.92	22031.4	1577
907000	907	4.93781	29626.8	7669.17	4633.82	5000.99	3825.48	22326.5	1577
908000	908	4.93231	29593.9	7631.26	5169.57	5154.74	4383.43	22192.1	1578
909000	909	4.94917	29695	7966.35	5138.74	4984.08	3803.95	22247	1579
910000	910	4.88076	29284.6	7955.4	4963.05	4891.3	3896.81	22610.5	1579
911000	911	5.04465	30267.9	8424.77	5091.34	5114.35	4142.77	22488.6	1579
912000	912	5.00661	30039.7	8229.54	5119.88	5007.85	4247.6	21959.2	1579
913000	913	4.90954	29457.3	7748.6	4902	4793.39	3853.47	22509.7	1579
914000	914	4.85346	29120.8	7582.8	5001.32	4840.71	4006.29	22316.9	1579
915000	915	4.81757	28905.4	8153.86	5228.85	5037.23	4265.6	22068.6	1580
916000	916	4.90417	29425	8055.91	4840.3	4787.61	3727.6	22591.1	1580
917000	917	4.92695	29561.7	7951.65	4930.79	4799.18	4019.19	22644.7	1581
918000	918	4.90786	29447.1	7935.02	5189.05	4853.05	4028.53	22148.5	1581
919000	919	4.92185	29531.1	7933.05	4982.84	4892.01	4214.98	22384	1582
920000	920	4.80758	28845.5	8300.87	5139.69	4746.06	3952.94	22251.9	1582
921000	921	4.87682	29260.9	7979.67	4936.27	4941.34	4285.94	22249.7	1583
922000	922	4.95735	29744.1	7752.57	5162.47	4850.88	3613.54	22380.1	1583
923000	923	4.90091	29405.4	7914.2	4902.3	4851.97	4036.42	22668.8	1583
924000	924	4.90587	29435.2	7897.17	4769.88	4777.74	3798.57	22426.5	1583
925000	925	4.98345	29900.7	7773.97	4816.2	4685.23	3912.63	22416.4	1583
926000	926	4.94907	29694.4	8046.22	4949.8	4831.19	4007.42	22231.4	1583
927000	927	5.06647	30398.8	8068.99	4920.88	4877.22	3697.77	22717.7	1583
928000	928	4.87627	29257.6	8066.68	5214.8	4837.05	4449.43	22519.1	1584
929000	929	4.95626	29737.6	7860.59	5215.35	4895.68	3587.44	22255.3	1584
930000	930	4.96092	29765.5	8066.92	4951.39	4949.08	3689.09	22012	1584
931000	931	4.94247	29654.8	8227.49	5106.88	5024.45	3826.27	22258.9	1584
932000	932	4.77961	28677.7	8159.39	4994.08	5122.56	3960.77	22323.6	1584
933000	933	4.96616	29796.9	7709.56	5271.41	5031.73	4262.69	22796.8	1585
934000	934	5.00171	30010.2	7773.55	5184.48	4833.97	3950.14	22530.9	1585
935000	935	4.86829	29209.8	7629.77	5275.76	4874.98	4017.03	22657.3	1585
936000	936	5.05666	30340	8030.76	4832.06	4946.2	3918.97	22357.7	1585
937000	937	5.02	30120	7827.42	5056.71	4978.39	4006.18	22541.1	1585
938000	938	4.86314	29178.9	8010.63	5107.84	4877.44	3956.32	22677.1	1585
939000	939	4.94833	29690	7970.5	4652.79	4860.57	4859.48	22446.8	1587
940000	940	4.87167	29230	7822.73	4946.85	4927.76	4382.44	22401	1588
941000	941	4.92194	29531.7	8258.86	5153.78	4949.49	4470.75	22718.8	1589
942000	942	4.96037	29762.2	8350.97	4923.59	5112.09	3638.81	22272.2	1589
943000	943	4.97311	29838.7	7892.97	5265.21	4898.53	4629.63	22555.2	1590
944000	944	4.952	29712	8163.9	5011.41	4972.04	3813.93	22158.9	1590
945000	945	4.86829	29209.8	8150.35	4975.97	4892.56	3844.12	22553.2	1590
946000	946	4.96116	29767	7889.92	5095.87	4839.3	3929.82	22133	1590
947000	947	4.99243	29954.6	7849.8	5028.89	5028.64	4054.26	22641.9	1590
948000	948	4.81843	28910.6	7794.41	5050.62	5115.18	3801.83	22401.5	1590
949000	949	4.94169	29650.1	7802.52	5003.1	4771.85	4064.24	22414.7	1590
950000	950	4.9464	29678.4	7915.77	5097.02	5026.39	3945.22	22670.7	1590
951000	951	4.82081	28924.8	7917.61	5381.47	5090.07	4034.64	22510.1	1591
952000	952	4.9908	29944.8	8229.69	5028.51	4950.08	4545.47	22918.3	1592
953000	953	4.92632	29557.9	7893.54	4834.73	5079.33	3732.55	22762.6	1592
954000	954	4.90227	29413.6	8097.61	4986.21	4838.37	3953.43	22653.2	1592
955000	955	4.98757	29925.4	7979.06	5170.97	4871.44	3696.66	22374.1	1592
956000	956	4.98324	29899.4	7738.79	4936.5	4962.56	3916.66	22653.4	1592
957000	957	5.04394	30263.6	7926.83	5099.81	4876.67	3792.01	22603.7	1592
958000	958	4.91027	29461.6	7947.38	4786.57	4769.89	3872.18	22466.9	1592
959000	959	5.01722	30103.3	8003.1	5186.77	4711.75	3853.93	22634.9	1592
960000	960	4.94815	29688.9	7995.34	5088.94	4883.02	3746.5	22632.5	1592
961000	961	4.91017	29461	7925.83	5236.21	4833.23	3871.11	22892.8	1592
962000	962	4.84716	29083	8034.64	5113.11	4861.44	4087.79	22681.9	1592
963000	963	5.03846	30230.8	8057.93	5054.65	4814.92	3869.27	22519	1592
964000	964	4.89236	29354.2	8009.53	5022.94	4872.69	4381.7	22430.2	1593
965000	965	4.84531	29071.8	7883.13	4982.23	4948.47	3804.55	22498.3	1593
966000	966	4.94203	29652.2	7698.19	4851.22	4804.07	3720.58	22388.7	1593
967000	967	4.89937	29396.2	7945.77	5278.79	4574.49	4585.34	22589.9	1594
968000	968	4.85751	29145.1	7935.74	5105.63	4892.65	3825.32	22840.6	1594
969000	969	5.06846	30410.8	7917.09	5017.49	4673.08	4009.57	22797.6	1594
970000	970	4.83331	28999.9	7827.75	5169.31	4698.57	3838.92	22759.4	1594
971000	971	4.93934	29636	7800.7	5323.94	4926.59	3721.04	22694.2	1594
972000	972	4.95056	29703.3	7826.14	4949.63	4977.04	3749.51	22172.8	1594
973000	973	4.84709	29082.5	7599.52	5312.99	4884.29	4562.4	22735.1	1595
974000	974	4.84995	29099.7	8127.14	5072.56	5020.4	4829.32	22513.5	1597
975000	975	4.98305	29898.3	8307.86	5081.39	4900.69	3832.64	22474.3	1597
976000	976	4.94242	29654.5	7841.32	5343.93	4959.23	3766.13	22779.2	1597
977000	977	4.96968	29818.1	7984.16	4892.37	5070.87	4087.95	22441.4	1597
978000	978	4.94721	29683.2	8135.55	5019.86	4892.75	3836.54	22598.7	1597
979000	979	4.98435	29906.1	8123.91	5103.25	4947.96	3826.3	22707	1597
980000	980	4.90629	29437.8	7972.58	5329.84	4968.6	4153.89	22299.7	1598
981000	981	4.94442	29666.5	7994.34	5131.32	5042.94	4208.08	22449.1	1599
982000	982	4.85581	29134.9	7898.99	5138.23	4960.87	3987.14	22604.9	1600
983000	983	4.92277	29536.6	7796.69	5093.88	5240.08	4593.66	22749.3	1602
984000	984	5.02572	30154.3	8175.38	5071.83	5147.22	4005.31	22528.5	1602
985000	985	4.93431	29605.9	7962.63	4789.93	4969.52	4000.52	22448.5	1603
986000	986	5.03291	30197.5	8063.3	5212.69	4988.45	3893.01	22854.7	1603
987000	987	5.06927	30415.6	7942.4	5034.2	5031.93	3893.16	22615.8	1603
988000	988	4.96085	29765.1	7933.3	5467.49	5039.12	4433.19	22450.3	1604
989000	989	4.9804	29882.4	7841.8	5215.58	5218.61	4033.21	22318.2	1604
990000	990	4.9317	29590.2	7842.08	5095.42	5047.02	4288.05	22709.2	1605
991000	991	4.91858	29511.5	7999.69	5171.19	5004.08	4268.21	22926.7	1606
992000	992	4.94449	29667	7671.33	4867.96	4916.89	3932.97	22190.9	1606
993000	993	4.918	29508	7898.08	5279.34	5027.1	4211.27	22885	1606
994000	994	4.86573	29194.4	7583.36	5366.24	5009.78	3821.77	22356.6	1606
995000	995	4.93036	29582.2	7774.6	4806.64	5023.66	3892.89	22271.4	1606
996000	996	4.94861	29691.7	7798.27	4915.85	5050.3	3689.94	22275.9	1606
997000	997	4.89649	29379	8094.71	5044.7	5075.59	4399.17	22499	1607
998000	998	5.00606	30036.3	7766.2	5074.48	5055.53	3735.48	22545.4	1607
999000	999	5.01046	30062.7	7970.11	4913.48	5034	4198.68	22389.7	1608
1e+06	1000	4.96998	29819.9	8085.1	5342.38	5269.51	3999.64	22740	1608
