# cr len_gsub, pn, pdi
0.000000000000000000e+00 2.000000000000000000e+03 1.000000000000000000e+00 9.999999999999452660e-01
7.190000000000000000e+02 1.281000000000000000e+03 1.561280249804839926e+00 1.191329999999975797e+00
1.172000000000000000e+03 8.280000000000000000e+02 2.415458937198067702e+00 1.655586000000015101e+00
1.309000000000000000e+03 6.920000000000000000e+02 2.890173410404624388e+00 1.809925999999977497e+00
1.366000000000000000e+03 6.350000000000000000e+02 3.149606299212598604e+00 1.867217499999981989e+00
1.405000000000000000e+03 5.960000000000000000e+02 3.355704697986577223e+00 1.882763999999983895e+00
1.431000000000000000e+03 5.720000000000000000e+02 3.496503496503496677e+00 1.987127999999984018e+00
1.453000000000000000e+03 5.500000000000000000e+02 3.636363636363636243e+00 1.951124999999985565e+00
1.474000000000000000e+03 5.290000000000000000e+02 3.780718336483932074e+00 2.035327499999985967e+00
1.485000000000000000e+03 5.180000000000000000e+02 3.861003861003860838e+00 2.051279999999986448e+00
1.497000000000000000e+03 5.060000000000000000e+02 3.952569169960474138e+00 2.090539000000012138e+00
1.505000000000000000e+03 4.980000000000000000e+02 4.016064257028112650e+00 2.017398000000008462e+00
1.521000000000000000e+03 4.820000000000000000e+02 4.149377593360996208e+00 2.054043000000012942e+00
1.529000000000000000e+03 4.740000000000000000e+02 4.219409282700421926e+00 2.034171000000013940e+00
1.538000000000000000e+03 4.660000000000000000e+02 4.291845493562231439e+00 2.102359000000015854e+00
1.549000000000000000e+03 4.550000000000000000e+02 4.395604395604395975e+00 2.178995000000016447e+00
1.554000000000000000e+03 4.500000000000000000e+02 4.444444444444444642e+00 2.135250000000013859e+00
1.564000000000000000e+03 4.400000000000000000e+02 4.545454545454545858e+00 2.199780000000015612e+00
1.562000000000000000e+03 4.420000000000000000e+02 4.524886877828054210e+00 2.154087000000013408e+00
1.577000000000000000e+03 4.260000000000000000e+02 4.694835680751173967e+00 2.244168000000015706e+00
1.581000000000000000e+03 4.230000000000000000e+02 4.728132387706855511e+00 2.232594000000016177e+00
1.580000000000000000e+03 4.250000000000000000e+02 4.705882352941176627e+00 2.127125000000013699e+00
1.588000000000000000e+03 4.160000000000000000e+02 4.807692307692307487e+00 2.249312000000014855e+00
1.587000000000000000e+03 4.180000000000000000e+02 4.784688995215311103e+00 2.244869000000013770e+00
1.589000000000000000e+03 4.160000000000000000e+02 4.807692307692307487e+00 2.173392000000013535e+00
1.591000000000000000e+03 4.140000000000000000e+02 4.830917874396135403e+00 2.191509000000012808e+00
1.598000000000000000e+03 4.070000000000000000e+02 4.914004914004913793e+00 2.273298500000013878e+00
1.592000000000000000e+03 4.130000000000000000e+02 4.842615012106537442e+00 2.228341500000014630e+00
1.601000000000000000e+03 4.040000000000000000e+02 4.950495049504950451e+00 2.153724000000011962e+00
1.602000000000000000e+03 4.030000000000000000e+02 4.962779156327543184e+00 2.220127000000012618e+00
1.609000000000000000e+03 3.950000000000000000e+02 5.063291139240506666e+00 2.256240000000012014e+00
1.612000000000000000e+03 3.930000000000000000e+02 5.089058524173028175e+00 2.236759500000011780e+00
1.606000000000000000e+03 3.980000000000000000e+02 5.025125628140703959e+00 2.271784000000013126e+00
1.616000000000000000e+03 3.890000000000000000e+02 5.141388174807198119e+00 2.284597000000011313e+00
1.614000000000000000e+03 3.910000000000000000e+02 5.115089514066496257e+00 2.336811500000014252e+00
1.619000000000000000e+03 3.860000000000000000e+02 5.181347150259067114e+00 2.257135000000012326e+00
1.621000000000000000e+03 3.840000000000000000e+02 5.208333333333333037e+00 2.319360000000013855e+00
1.622000000000000000e+03 3.830000000000000000e+02 5.221932114882506859e+00 2.232315500000010555e+00
1.621000000000000000e+03 3.840000000000000000e+02 5.208333333333333037e+00 2.314368000000012859e+00
1.633000000000000000e+03 3.720000000000000000e+02 5.376344086021505042e+00 2.318118000000011669e+00
1.641000000000000000e+03 3.640000000000000000e+02 5.494505494505494525e+00 2.356900000000011985e+00
1.635000000000000000e+03 3.700000000000000000e+02 5.405405405405405261e+00 2.329520000000011137e+00
1.638000000000000000e+03 3.670000000000000000e+02 5.449591280653950598e+00 2.414860000000011553e+00
1.642000000000000000e+03 3.630000000000000000e+02 5.509641873278236623e+00 2.367304500000011025e+00
1.644000000000000000e+03 3.610000000000000000e+02 5.540166204986149978e+00 2.306609500000010637e+00
1.646000000000000000e+03 3.590000000000000000e+02 5.571030640668523937e+00 2.351450000000010032e+00
1.638000000000000000e+03 3.670000000000000000e+02 5.449591280653950598e+00 2.352653500000009945e+00
1.648000000000000000e+03 3.570000000000000000e+02 5.602240896358543054e+00 2.289084000000010555e+00
1.649000000000000000e+03 3.560000000000000000e+02 5.617977528089888040e+00 2.345150000000009616e+00
1.646000000000000000e+03 3.580000000000000000e+02 5.586592178770949602e+00 2.367454000000009273e+00
1.650000000000000000e+03 3.550000000000000000e+02 5.633802816901408050e+00 2.328445000000010090e+00
1.655000000000000000e+03 3.500000000000000000e+02 5.714285714285714413e+00 2.256100000000008876e+00
1.656000000000000000e+03 3.490000000000000000e+02 5.730659025787965710e+00 2.356971500000009101e+00
1.650000000000000000e+03 3.550000000000000000e+02 5.633802816901408050e+00 2.383647500000009245e+00
1.653000000000000000e+03 3.520000000000000000e+02 5.681818181818181657e+00 2.288000000000008693e+00
1.657000000000000000e+03 3.470000000000000000e+02 5.763688760806916278e+00 2.365499000000009566e+00
1.651000000000000000e+03 3.540000000000000000e+02 5.649717514124294127e+00 2.371269000000008731e+00
1.659000000000000000e+03 3.460000000000000000e+02 5.780346820809248776e+00 2.363872000000009521e+00
1.658000000000000000e+03 3.470000000000000000e+02 5.763688760806916278e+00 2.350057500000009458e+00
1.659000000000000000e+03 3.460000000000000000e+02 5.780346820809248776e+00 2.351416000000008388e+00
1.658000000000000000e+03 3.470000000000000000e+02 5.763688760806916278e+00 2.368448500000009282e+00
1.657000000000000000e+03 3.480000000000000000e+02 5.747126436781608838e+00 2.438262000000009255e+00
1.659000000000000000e+03 3.460000000000000000e+02 5.780346820809248776e+00 2.410755000000007531e+00
1.664000000000000000e+03 3.390000000000000000e+02 5.899705014749262233e+00 2.341134000000007820e+00
1.666000000000000000e+03 3.370000000000000000e+02 5.934718100890207459e+00 2.452854500000007931e+00
1.667000000000000000e+03 3.370000000000000000e+02 5.934718100890207459e+00 2.432129000000007313e+00
1.668000000000000000e+03 3.360000000000000000e+02 5.952380952380952550e+00 2.486736000000008051e+00
1.670000000000000000e+03 3.340000000000000000e+02 5.988023952095808511e+00 2.419162000000007584e+00
1.668000000000000000e+03 3.360000000000000000e+02 5.952380952380952550e+00 2.465232000000007861e+00
1.670000000000000000e+03 3.340000000000000000e+02 5.988023952095808511e+00 2.505334000000007943e+00
1.667000000000000000e+03 3.370000000000000000e+02 5.934718100890207459e+00 2.431455000000006805e+00
1.669000000000000000e+03 3.350000000000000000e+02 5.970149253731343642e+00 2.449352500000007371e+00
1.672000000000000000e+03 3.320000000000000000e+02 6.024096385542168974e+00 2.534654000000007734e+00
1.671000000000000000e+03 3.330000000000000000e+02 6.006006006006005649e+00 2.416747500000008042e+00
1.676000000000000000e+03 3.280000000000000000e+02 6.097560975609756184e+00 2.412768000000008239e+00
1.672000000000000000e+03 3.320000000000000000e+02 6.024096385542168974e+00 2.416130000000006994e+00
1.674000000000000000e+03 3.300000000000000000e+02 6.060606060606060552e+00 2.413125000000007958e+00
1.673000000000000000e+03 3.310000000000000000e+02 6.042296072507553184e+00 2.392964500000007710e+00
1.680000000000000000e+03 3.240000000000000000e+02 6.172839506172839386e+00 2.446848000000006795e+00
1.686000000000000000e+03 3.180000000000000000e+02 6.289308176100629311e+00 2.437788000000006061e+00
1.679000000000000000e+03 3.250000000000000000e+02 6.153846153846154188e+00 2.428400000000007886e+00
1.683000000000000000e+03 3.210000000000000000e+02 6.230529595015576128e+00 2.392092000000006990e+00
1.681000000000000000e+03 3.230000000000000000e+02 6.191950464396285270e+00 2.372758000000007250e+00
1.683000000000000000e+03 3.210000000000000000e+02 6.230529595015576128e+00 2.386956000000008071e+00
1.685000000000000000e+03 3.190000000000000000e+02 6.269592476489028066e+00 2.424081000000007702e+00
1.687000000000000000e+03 3.170000000000000000e+02 6.309148264984226984e+00 2.409200000000007780e+00
1.690000000000000000e+03 3.140000000000000000e+02 6.369426751592357050e+00 2.398803000000007568e+00
1.683000000000000000e+03 3.210000000000000000e+02 6.230529595015576128e+00 2.365128000000007447e+00
1.685000000000000000e+03 3.190000000000000000e+02 6.269592476489028066e+00 2.408769000000007932e+00
1.688000000000000000e+03 3.160000000000000000e+02 6.329113924050632889e+00 2.688685999999983700e+00
1.682000000000000000e+03 3.220000000000000000e+02 6.211180124223602661e+00 2.716391999999982154e+00
1.685000000000000000e+03 3.190000000000000000e+02 6.269592476489028066e+00 2.713094999999983159e+00
1.689000000000000000e+03 3.140000000000000000e+02 6.369426751592357050e+00 2.690665999999983793e+00
1.691000000000000000e+03 3.120000000000000000e+02 6.410256410256410575e+00 2.695055999999983687e+00
1.694000000000000000e+03 3.110000000000000000e+02 6.430868167202572039e+00 2.702123499999983913e+00
1.692000000000000000e+03 3.130000000000000000e+02 6.389776357827476438e+00 2.717935499999982518e+00
1.691000000000000000e+03 3.140000000000000000e+02 6.369426751592357050e+00 2.700399999999983702e+00
1.697000000000000000e+03 3.080000000000000000e+02 6.493506493506493449e+00 2.704393999999983755e+00
1.698000000000000000e+03 3.070000000000000000e+02 6.514657980456026287e+00 2.627766499999983907e+00
1.699000000000000000e+03 3.060000000000000000e+02 6.535947712418300526e+00 2.687138999999983735e+00
1.700000000000000000e+03 3.050000000000000000e+02 6.557377049180328044e+00 2.696504999999982388e+00
1.702000000000000000e+03 3.030000000000000000e+02 6.600660066006600601e+00 2.684882999999983699e+00
1.700000000000000000e+03 3.050000000000000000e+02 6.557377049180328044e+00 2.684762499999983731e+00
1.698000000000000000e+03 3.060000000000000000e+02 6.535947712418300526e+00 2.646287999999984208e+00
1.703000000000000000e+03 3.020000000000000000e+02 6.622516556291390799e+00 2.648237999999984993e+00
1.700000000000000000e+03 3.050000000000000000e+02 6.557377049180328044e+00 2.578317499999985163e+00
1.701000000000000000e+03 3.040000000000000000e+02 6.578947368421052211e+00 2.595095999999986081e+00
1.703000000000000000e+03 3.020000000000000000e+02 6.622516556291390799e+00 2.631778999999984769e+00
1.708000000000000000e+03 2.970000000000000000e+02 6.734006734006734440e+00 2.676860999999983282e+00
1.710000000000000000e+03 2.950000000000000000e+02 6.779661016949152241e+00 2.669749999999983636e+00
1.711000000000000000e+03 2.940000000000000000e+02 6.802721088435373709e+00 2.622920999999985181e+00
1.706000000000000000e+03 2.990000000000000000e+02 6.688963210702341122e+00 2.545087999999986472e+00
1.710000000000000000e+03 2.950000000000000000e+02 6.779661016949152241e+00 2.646444999999984837e+00
1.709000000000000000e+03 2.960000000000000000e+02 6.756756756756757021e+00 2.627295999999983867e+00
1.711000000000000000e+03 2.940000000000000000e+02 6.802721088435373709e+00 2.648204999999985265e+00
1.708000000000000000e+03 2.970000000000000000e+02 6.734006734006734440e+00 2.395750499999994787e+00
1.711000000000000000e+03 2.940000000000000000e+02 6.802721088435373709e+00 2.651144999999985430e+00
1.713000000000000000e+03 2.920000000000000000e+02 6.849315068493150527e+00 2.683041999999984384e+00
1.717000000000000000e+03 2.880000000000000000e+02 6.944444444444444642e+00 2.638367999999985170e+00
1.713000000000000000e+03 2.910000000000000000e+02 6.872852233676975509e+00 2.289006000000006313e+00
1.719000000000000000e+03 2.860000000000000000e+02 6.993006993006993355e+00 2.641924999999985424e+00
1.710000000000000000e+03 2.950000000000000000e+02 6.779661016949152241e+00 2.581839999999986368e+00
1.717000000000000000e+03 2.880000000000000000e+02 6.944444444444444642e+00 2.697983999999983951e+00
1.720000000000000000e+03 2.850000000000000000e+02 7.017543859649122417e+00 2.716192499999984467e+00
1.721000000000000000e+03 2.840000000000000000e+02 7.042253521126760951e+00 2.699135999999984659e+00
1.719000000000000000e+03 2.860000000000000000e+02 6.993006993006993355e+00 2.707132999999984690e+00
1.720000000000000000e+03 2.850000000000000000e+02 7.017543859649122417e+00 2.618294999999984718e+00
1.723000000000000000e+03 2.820000000000000000e+02 7.092198581560283266e+00 2.590310999999986041e+00
1.719000000000000000e+03 2.860000000000000000e+02 6.993006993006993355e+00 2.355924999999989389e+00
1.721000000000000000e+03 2.840000000000000000e+02 7.042253521126760951e+00 2.602433999999985037e+00
1.719000000000000000e+03 2.860000000000000000e+02 6.993006993006993355e+00 2.654508999999984464e+00
1.720000000000000000e+03 2.850000000000000000e+02 7.017543859649122417e+00 2.429339999999988287e+00
1.727000000000000000e+03 2.780000000000000000e+02 7.194244604316546443e+00 2.662127999999984951e+00
1.724000000000000000e+03 2.810000000000000000e+02 7.117437722419929003e+00 2.663598999999984951e+00
1.725000000000000000e+03 2.800000000000000000e+02 7.142857142857143238e+00 2.646699999999984954e+00
1.728000000000000000e+03 2.770000000000000000e+02 7.220216606498194523e+00 2.629837999999985243e+00
1.725000000000000000e+03 2.800000000000000000e+02 7.142857142857143238e+00 2.641099999999984682e+00
1.728000000000000000e+03 2.770000000000000000e+02 7.220216606498194523e+00 2.676373999999984488e+00
1.724000000000000000e+03 2.810000000000000000e+02 7.117437722419929003e+00 2.636201499999984765e+00
1.727000000000000000e+03 2.780000000000000000e+02 7.194244604316546443e+00 2.675610999999983974e+00
1.726000000000000000e+03 2.790000000000000000e+02 7.168458781362007315e+00 2.716204499999985256e+00
1.730000000000000000e+03 2.750000000000000000e+02 7.272727272727272485e+00 2.752199999999984215e+00
1.729000000000000000e+03 2.760000000000000000e+02 7.246376811594203105e+00 2.741231999999983682e+00
1.724000000000000000e+03 2.810000000000000000e+02 7.117437722419929003e+00 2.533214999999985118e+00
1.732000000000000000e+03 2.730000000000000000e+02 7.326007326007325737e+00 2.708569499999985197e+00
1.729000000000000000e+03 2.760000000000000000e+02 7.246376811594203105e+00 2.736539999999984651e+00
1.733000000000000000e+03 2.720000000000000000e+02 7.352941176470587870e+00 2.715919999999985013e+00
1.730000000000000000e+03 2.750000000000000000e+02 7.272727272727272485e+00 2.700912499999985172e+00
1.724000000000000000e+03 2.810000000000000000e+02 7.117437722419929003e+00 2.325274999999987990e+00
1.732000000000000000e+03 2.730000000000000000e+02 7.326007326007325737e+00 2.467237499999987538e+00
1.730000000000000000e+03 2.750000000000000000e+02 7.272727272727272485e+00 2.460149999999987180e+00
1.728000000000000000e+03 2.770000000000000000e+02 7.220216606498194523e+00 2.442031999999986436e+00
1.729000000000000000e+03 2.760000000000000000e+02 7.246376811594203105e+00 2.483447999999986333e+00
1.730000000000000000e+03 2.760000000000000000e+02 7.246376811594203105e+00 2.485517999999986127e+00
1.729000000000000000e+03 2.770000000000000000e+02 7.220216606498194523e+00 2.351729999999988774e+00
1.728000000000000000e+03 2.770000000000000000e+02 7.220216606498194523e+00 2.428043499999986476e+00
1.734000000000000000e+03 2.720000000000000000e+02 7.352941176470587870e+00 2.468263999999986247e+00
1.731000000000000000e+03 2.750000000000000000e+02 7.272727272727272485e+00 2.488474999999986448e+00
1.736000000000000000e+03 2.700000000000000000e+02 7.407407407407407440e+00 2.454704999999985926e+00
1.737000000000000000e+03 2.690000000000000000e+02 7.434944237918215570e+00 2.412257499999987509e+00
1.734000000000000000e+03 2.720000000000000000e+02 7.352941176470587870e+00 2.389927999999986508e+00
1.735000000000000000e+03 2.710000000000000000e+02 7.380073800738007783e+00 2.451059499999985736e+00
1.733000000000000000e+03 2.730000000000000000e+02 7.326007326007325737e+00 2.454269999999985519e+00
1.736000000000000000e+03 2.700000000000000000e+02 7.407407407407407440e+00 2.485889999999986166e+00
1.735000000000000000e+03 2.710000000000000000e+02 7.380073800738007783e+00 2.513795999999985487e+00
1.741000000000000000e+03 2.650000000000000000e+02 7.547169811320754818e+00 2.483314999999986394e+00
1.743000000000000000e+03 2.630000000000000000e+02 7.604562737642585724e+00 2.723101999999984368e+00
1.739000000000000000e+03 2.670000000000000000e+02 7.490636704119849831e+00 2.592169499999985582e+00
1.741000000000000000e+03 2.650000000000000000e+02 7.547169811320754818e+00 2.746724999999984096e+00
1.742000000000000000e+03 2.640000000000000000e+02 7.575757575757576134e+00 2.722631999999984398e+00
1.743000000000000000e+03 2.630000000000000000e+02 7.604562737642585724e+00 2.731386499999984174e+00
1.742000000000000000e+03 2.640000000000000000e+02 7.575757575757576134e+00 2.679599999999985105e+00
1.737000000000000000e+03 2.690000000000000000e+02 7.434944237918215570e+00 2.742320499999983507e+00
1.740000000000000000e+03 2.650000000000000000e+02 7.547169811320754818e+00 2.750567499999983845e+00
1.743000000000000000e+03 2.630000000000000000e+02 7.604562737642585724e+00 2.735725999999984115e+00
1.744000000000000000e+03 2.620000000000000000e+02 7.633587786259542263e+00 2.708555999999984643e+00
1.746000000000000000e+03 2.600000000000000000e+02 7.692307692307692513e+00 2.719859999999985067e+00
1.744000000000000000e+03 2.620000000000000000e+02 7.633587786259542263e+00 2.671089999999986642e+00
1.746000000000000000e+03 2.600000000000000000e+02 7.692307692307692513e+00 2.694249999999985157e+00
1.744000000000000000e+03 2.620000000000000000e+02 7.633587786259542263e+00 2.632575999999986038e+00
1.747000000000000000e+03 2.590000000000000000e+02 7.722007722007721675e+00 2.754853499999985633e+00
1.748000000000000000e+03 2.580000000000000000e+02 7.751937984496123590e+00 2.550974999999987336e+00
1.749000000000000000e+03 2.570000000000000000e+02 7.782101167315174983e+00 2.746301999999985366e+00
1.748000000000000000e+03 2.580000000000000000e+02 7.751937984496123590e+00 2.738153999999985100e+00
1.747000000000000000e+03 2.590000000000000000e+02 7.722007722007721675e+00 2.757443499999985281e+00
1.746000000000000000e+03 2.600000000000000000e+02 7.692307692307692513e+00 2.743129999999984747e+00
1.745000000000000000e+03 2.610000000000000000e+02 7.662835249042145414e+00 2.740108499999984737e+00
1.747000000000000000e+03 2.590000000000000000e+02 7.722007722007721675e+00 2.709010499999985111e+00
1.748000000000000000e+03 2.580000000000000000e+02 7.751937984496123590e+00 2.760083999999984883e+00
1.749000000000000000e+03 2.570000000000000000e+02 7.782101167315174983e+00 2.641317499999985330e+00
1.748000000000000000e+03 2.580000000000000000e+02 7.751937984496123590e+00 2.607089999999986141e+00
1.750000000000000000e+03 2.560000000000000000e+02 7.812500000000000000e+00 2.789887999999984824e+00
1.749000000000000000e+03 2.570000000000000000e+02 7.782101167315174983e+00 2.791405499999984219e+00
1.753000000000000000e+03 2.530000000000000000e+02 7.905138339920948276e+00 2.777054499999985548e+00
1.754000000000000000e+03 2.520000000000000000e+02 7.936507936507936734e+00 2.795183999999985236e+00
1.752000000000000000e+03 2.540000000000000000e+02 7.874015748031496287e+00 2.771393999999984814e+00
1.755000000000000000e+03 2.510000000000000000e+02 7.968127490039840666e+00 2.690719999999985568e+00
1.754000000000000000e+03 2.520000000000000000e+02 7.936507936507936734e+00 2.775779999999985925e+00
1.755000000000000000e+03 2.510000000000000000e+02 7.968127490039840666e+00 2.783589999999985132e+00
1.754000000000000000e+03 2.520000000000000000e+02 7.936507936507936734e+00 3.120137999999984757e+00
1.755000000000000000e+03 2.510000000000000000e+02 7.968127490039840666e+00 2.709795999999986105e+00
1.757000000000000000e+03 2.490000000000000000e+02 8.032128514056225299e+00 3.100796999999984926e+00
1.756000000000000000e+03 2.500000000000000000e+02 8.000000000000000000e+00 3.097749999999984460e+00
1.758000000000000000e+03 2.480000000000000000e+02 8.064516129032258007e+00 3.092931999999985138e+00
1.761000000000000000e+03 2.450000000000000000e+02 8.163265306122449161e+00 3.116522499999985651e+00
1.759000000000000000e+03 2.470000000000000000e+02 8.097165991902834037e+00 3.077866999999985254e+00
1.758000000000000000e+03 2.480000000000000000e+02 8.064516129032258007e+00 3.119715999999985279e+00
1.760000000000000000e+03 2.460000000000000000e+02 8.130081300813008838e+00 3.077336999999985334e+00
1.758000000000000000e+03 2.480000000000000000e+02 8.064516129032258007e+00 3.080407999999985158e+00
1.759000000000000000e+03 2.470000000000000000e+02 8.097165991902834037e+00 3.128254999999986019e+00
1.761000000000000000e+03 2.450000000000000000e+02 8.163265306122449161e+00 3.032732499999985620e+00
1.759000000000000000e+03 2.470000000000000000e+02 8.097165991902834037e+00 2.955107999999985857e+00
1.763000000000000000e+03 2.430000000000000000e+02 8.230452674897119181e+00 2.981002499999986455e+00
1.759000000000000000e+03 2.470000000000000000e+02 8.097165991902834037e+00 2.942634499999985831e+00
1.762000000000000000e+03 2.440000000000000000e+02 8.196721311475409166e+00 3.013643999999986445e+00
1.761000000000000000e+03 2.450000000000000000e+02 8.163265306122449161e+00 2.978464999999986595e+00
1.759000000000000000e+03 2.470000000000000000e+02 8.097165991902834037e+00 2.957207499999986222e+00
1.762000000000000000e+03 2.440000000000000000e+02 8.196721311475409166e+00 2.981801999999986741e+00
1.763000000000000000e+03 2.430000000000000000e+02 8.230452674897119181e+00 2.846987999999986307e+00
1.761000000000000000e+03 2.450000000000000000e+02 8.163265306122449161e+00 3.177894999999986592e+00
1.760000000000000000e+03 2.460000000000000000e+02 8.130081300813008838e+00 3.226535999999986526e+00
1.761000000000000000e+03 2.450000000000000000e+02 8.163265306122449161e+00 3.219422499999986531e+00
1.763000000000000000e+03 2.430000000000000000e+02 8.230452674897119181e+00 3.161672999999987077e+00
1.758000000000000000e+03 2.460000000000000000e+02 8.130081300813008838e+00 3.189389999999987069e+00
1.765000000000000000e+03 2.410000000000000000e+02 8.298755186721992416e+00 3.142157999999987350e+00
1.762000000000000000e+03 2.440000000000000000e+02 8.196721311475409166e+00 3.123931999999987497e+00
1.766000000000000000e+03 2.400000000000000000e+02 8.333333333333333925e+00 3.147239999999987603e+00
1.763000000000000000e+03 2.430000000000000000e+02 8.230452674897119181e+00 3.202496999999987271e+00
1.762000000000000000e+03 2.430000000000000000e+02 8.230452674897119181e+00 3.164953499999987319e+00
1.765000000000000000e+03 2.410000000000000000e+02 8.298755186721992416e+00 3.176018499999987199e+00
1.768000000000000000e+03 2.380000000000000000e+02 8.403361344537815469e+00 3.161829999999987706e+00
1.766000000000000000e+03 2.400000000000000000e+02 8.333333333333333925e+00 3.134039999999987280e+00
1.768000000000000000e+03 2.380000000000000000e+02 8.403361344537815469e+00 3.155998999999988008e+00
1.770000000000000000e+03 2.360000000000000000e+02 8.474576271186441190e+00 3.120745999999988474e+00
1.761000000000000000e+03 2.450000000000000000e+02 8.163265306122449161e+00 3.132202499999987122e+00
1.766000000000000000e+03 2.400000000000000000e+02 8.333333333333333925e+00 3.044759999999986810e+00
1.767000000000000000e+03 2.390000000000000000e+02 8.368200836820083310e+00 3.092659999999987530e+00
1.768000000000000000e+03 2.380000000000000000e+02 8.403361344537815469e+00 3.081742999999987909e+00
1.770000000000000000e+03 2.360000000000000000e+02 8.474576271186441190e+00 3.070241999999988369e+00
1.768000000000000000e+03 2.380000000000000000e+02 8.403361344537815469e+00 3.045923999999987863e+00
1.763000000000000000e+03 2.430000000000000000e+02 8.230452674897119181e+00 2.774330999999988112e+00
1.764000000000000000e+03 2.420000000000000000e+02 8.264462809917354491e+00 2.798971999999987581e+00
1.763000000000000000e+03 2.430000000000000000e+02 8.230452674897119181e+00 2.782349999999987222e+00
1.765000000000000000e+03 2.410000000000000000e+02 8.298755186721992416e+00 2.784152499999987818e+00
1.764000000000000000e+03 2.420000000000000000e+02 8.264462809917354491e+00 2.809498999999988644e+00
1.763000000000000000e+03 2.420000000000000000e+02 8.264462809917354491e+00 2.794252999999988329e+00
1.766000000000000000e+03 2.400000000000000000e+02 8.333333333333333925e+00 2.802599999999987990e+00
1.769000000000000000e+03 2.360000000000000000e+02 8.474576271186441190e+00 2.822441999999988571e+00
1.768000000000000000e+03 2.380000000000000000e+02 8.403361344537815469e+00 2.840410999999988029e+00
1.771000000000000000e+03 2.350000000000000000e+02 8.510638297872340274e+00 2.812949999999988293e+00
1.772000000000000000e+03 2.340000000000000000e+02 8.547008547008546842e+00 2.793491999999988540e+00
1.770000000000000000e+03 2.360000000000000000e+02 8.474576271186441190e+00 2.784681999999988111e+00
1.769000000000000000e+03 2.370000000000000000e+02 8.438818565400843852e+00 2.799325499999988143e+00
1.770000000000000000e+03 2.360000000000000000e+02 8.474576271186441190e+00 2.791997999999988433e+00
1.769000000000000000e+03 2.370000000000000000e+02 8.438818565400843852e+00 2.470013999999989274e+00
1.767000000000000000e+03 2.380000000000000000e+02 8.403361344537815469e+00 2.459372999999988707e+00
1.770000000000000000e+03 2.360000000000000000e+02 8.474576271186441190e+00 2.415459999999990615e+00
1.773000000000000000e+03 2.320000000000000000e+02 8.620689655172414589e+00 2.441799999999989979e+00
1.772000000000000000e+03 2.330000000000000000e+02 8.583690987124462879e+00 2.384405499999989964e+00
1.777000000000000000e+03 2.280000000000000000e+02 8.771929824561404132e+00 2.416913999999990015e+00
1.772000000000000000e+03 2.330000000000000000e+02 8.583690987124462879e+00 2.437179999999989910e+00
1.773000000000000000e+03 2.310000000000000000e+02 8.658008658008657932e+00 2.361859499999989787e+00
1.778000000000000000e+03 2.270000000000000000e+02 8.810572687224668798e+00 2.485649999999989923e+00
1.777000000000000000e+03 2.280000000000000000e+02 8.771929824561404132e+00 2.529317999999989741e+00
1.778000000000000000e+03 2.270000000000000000e+02 8.810572687224668798e+00 2.508917499999990142e+00
1.776000000000000000e+03 2.290000000000000000e+02 8.733624454148472438e+00 2.475604499999989550e+00
1.782000000000000000e+03 2.240000000000000000e+02 8.928571428571428825e+00 2.539711999999989533e+00
1.783000000000000000e+03 2.230000000000000000e+02 8.968609865470851261e+00 2.505962499999990101e+00
1.784000000000000000e+03 2.220000000000000000e+02 9.009009009009009361e+00 2.519366999999990142e+00
1.781000000000000000e+03 2.250000000000000000e+02 8.888888888888889284e+00 2.481524999999989767e+00
1.785000000000000000e+03 2.210000000000000000e+02 9.049773755656108420e+00 2.533985999999990302e+00
1.787000000000000000e+03 2.190000000000000000e+02 9.132420091324201294e+00 2.491672499999990631e+00
1.789000000000000000e+03 2.170000000000000000e+02 9.216589861751151247e+00 2.502877999999991054e+00
1.788000000000000000e+03 2.180000000000000000e+02 9.174311926605504652e+00 2.491848999999990877e+00
1.787000000000000000e+03 2.190000000000000000e+02 9.132420091324201294e+00 2.525726999999990507e+00
1.783000000000000000e+03 2.230000000000000000e+02 8.968609865470851261e+00 2.500721999999990786e+00
1.790000000000000000e+03 2.160000000000000000e+02 9.259259259259259522e+00 2.527199999999990787e+00
1.788000000000000000e+03 2.180000000000000000e+02 9.174311926605504652e+00 2.616980999999989788e+00
1.787000000000000000e+03 2.190000000000000000e+02 9.132420091324201294e+00 2.529778499999990160e+00
1.789000000000000000e+03 2.160000000000000000e+02 9.259259259259259522e+00 2.586275999999990471e+00
1.788000000000000000e+03 2.180000000000000000e+02 9.174311926605504652e+00 2.553542999999990570e+00
1.789000000000000000e+03 2.170000000000000000e+02 9.216589861751151247e+00 2.553981499999991023e+00
1.787000000000000000e+03 2.190000000000000000e+02 9.132420091324201294e+00 2.397064499999990606e+00
1.788000000000000000e+03 2.180000000000000000e+02 9.174311926605504652e+00 2.531960999999990580e+00
1.785000000000000000e+03 2.210000000000000000e+02 9.049773755656108420e+00 2.558074999999990329e+00
1.786000000000000000e+03 2.200000000000000000e+02 9.090909090909091717e+00 2.547049999999990710e+00
1.788000000000000000e+03 2.180000000000000000e+02 9.174311926605504652e+00 2.592237999999990272e+00
1.787000000000000000e+03 2.190000000000000000e+02 9.132420091324201294e+00 2.499994499999990794e+00
1.789000000000000000e+03 2.170000000000000000e+02 9.216589861751151247e+00 2.584903999999990099e+00
1.787000000000000000e+03 2.190000000000000000e+02 9.132420091324201294e+00 2.512477499999989927e+00
1.789000000000000000e+03 2.160000000000000000e+02 9.259259259259259522e+00 2.481839999999990276e+00
1.791000000000000000e+03 2.150000000000000000e+02 9.302325581395349374e+00 2.554844999999990041e+00
1.789000000000000000e+03 2.170000000000000000e+02 9.216589861751151247e+00 2.538791499999990098e+00
1.791000000000000000e+03 2.150000000000000000e+02 9.302325581395349374e+00 2.584729999999989758e+00
1.795000000000000000e+03 2.110000000000000000e+02 9.478672985781990690e+00 2.593611999999990925e+00
1.792000000000000000e+03 2.140000000000000000e+02 9.345794392523364635e+00 2.585119999999990537e+00
1.793000000000000000e+03 2.130000000000000000e+02 9.389671361502347935e+00 2.576021999999990264e+00
1.792000000000000000e+03 2.140000000000000000e+02 9.345794392523364635e+00 2.542854999999990540e+00
1.793000000000000000e+03 2.130000000000000000e+02 9.389671361502347935e+00 2.629058999999990931e+00
1.789000000000000000e+03 2.160000000000000000e+02 9.259259259259259522e+00 2.465423999999991178e+00
1.794000000000000000e+03 2.110000000000000000e+02 9.478672985781990690e+00 2.536958499999991457e+00
1.792000000000000000e+03 2.130000000000000000e+02 9.389671361502347935e+00 2.502323999999990889e+00
1.791000000000000000e+03 2.140000000000000000e+02 9.345794392523364635e+00 2.592823999999990470e+00
1.794000000000000000e+03 2.110000000000000000e+02 9.478672985781990690e+00 2.511532999999991578e+00
1.796000000000000000e+03 2.090000000000000000e+02 9.569377990430622205e+00 2.566310999999991349e+00
1.792000000000000000e+03 2.130000000000000000e+02 9.389671361502347935e+00 2.569525499999991247e+00
1.794000000000000000e+03 2.110000000000000000e+02 9.478672985781990690e+00 2.554260499999991385e+00
1.791000000000000000e+03 2.140000000000000000e+02 9.345794392523364635e+00 2.582016999999991125e+00
1.795000000000000000e+03 2.100000000000000000e+02 9.523809523809523725e+00 2.688629999999991416e+00
1.792000000000000000e+03 2.130000000000000000e+02 9.389671361502347935e+00 2.570057999999991516e+00
1.794000000000000000e+03 2.110000000000000000e+02 9.478672985781990690e+00 2.677062499999991907e+00
1.793000000000000000e+03 2.120000000000000000e+02 9.433962264150943966e+00 2.511881999999992399e+00
1.794000000000000000e+03 2.110000000000000000e+02 9.478672985781990690e+00 2.436627999999992245e+00
1.793000000000000000e+03 2.120000000000000000e+02 9.433962264150943966e+00 2.526191999999991999e+00
1.795000000000000000e+03 2.100000000000000000e+02 9.523809523809523725e+00 2.636444999999992156e+00
1.793000000000000000e+03 2.120000000000000000e+02 9.433962264150943966e+00 2.534459999999992164e+00
1.792000000000000000e+03 2.130000000000000000e+02 9.389671361502347935e+00 2.644394999999991835e+00
1.794000000000000000e+03 2.110000000000000000e+02 9.478672985781990690e+00 2.588336999999992116e+00
1.796000000000000000e+03 2.090000000000000000e+02 9.569377990430622205e+00 2.693173999999992407e+00
1.797000000000000000e+03 2.080000000000000000e+02 9.615384615384614975e+00 2.637855999999992651e+00
1.794000000000000000e+03 2.110000000000000000e+02 9.478672985781990690e+00 2.626316999999992241e+00
1.795000000000000000e+03 2.100000000000000000e+02 9.523809523809523725e+00 2.704904999999991677e+00
1.793000000000000000e+03 2.120000000000000000e+02 9.433962264150943966e+00 2.687417999999991203e+00
1.797000000000000000e+03 2.080000000000000000e+02 9.615384615384614975e+00 2.660007999999992379e+00
1.796000000000000000e+03 2.090000000000000000e+02 9.569377990430622205e+00 2.651164999999991778e+00
1.799000000000000000e+03 2.060000000000000000e+02 9.708737864077669144e+00 2.636593999999992999e+00
1.796000000000000000e+03 2.090000000000000000e+02 9.569377990430622205e+00 2.666212999999992839e+00
1.797000000000000000e+03 2.080000000000000000e+02 9.615384615384614975e+00 2.609255999999992692e+00
1.801000000000000000e+03 2.040000000000000000e+02 9.803921568627451677e+00 2.632619999999992633e+00
1.799000000000000000e+03 2.060000000000000000e+02 9.708737864077669144e+00 2.542863999999992242e+00
1.801000000000000000e+03 2.040000000000000000e+02 9.803921568627451677e+00 2.612117999999992168e+00
1.800000000000000000e+03 2.050000000000000000e+02 9.756097560975609539e+00 2.778569999999992657e+00
1.802000000000000000e+03 2.030000000000000000e+02 9.852216748768473309e+00 2.731872499999992154e+00
1.799000000000000000e+03 2.060000000000000000e+02 9.708737864077669144e+00 2.726512999999992637e+00
1.798000000000000000e+03 2.060000000000000000e+02 9.708737864077669144e+00 2.805822999999992629e+00
1.797000000000000000e+03 2.080000000000000000e+02 9.615384615384614975e+00 2.691831999999991787e+00
1.798000000000000000e+03 2.070000000000000000e+02 9.661835748792270806e+00 2.716357499999992431e+00
1.802000000000000000e+03 2.030000000000000000e+02 9.852216748768473309e+00 2.735830999999992574e+00
1.799000000000000000e+03 2.050000000000000000e+02 9.756097560975609539e+00 2.822542499999992405e+00
1.800000000000000000e+03 2.050000000000000000e+02 9.756097560975609539e+00 2.810754999999992787e+00
1.802000000000000000e+03 2.030000000000000000e+02 9.852216748768473309e+00 2.769528999999992802e+00
1.798000000000000000e+03 2.070000000000000000e+02 9.661835748792270806e+00 2.802055499999992705e+00
1.800000000000000000e+03 2.050000000000000000e+02 9.756097560975609539e+00 2.802349999999992569e+00
1.801000000000000000e+03 2.040000000000000000e+02 9.803921568627451677e+00 2.798879999999992485e+00
1.803000000000000000e+03 2.020000000000000000e+02 9.900990099009900902e+00 2.788609999999992706e+00
1.802000000000000000e+03 2.030000000000000000e+02 9.852216748768473309e+00 2.802820999999992235e+00
1.803000000000000000e+03 2.020000000000000000e+02 9.900990099009900902e+00 2.584993999999992464e+00
1.804000000000000000e+03 2.000000000000000000e+02 1.000000000000000000e+01 2.727699999999992464e+00
1.805000000000000000e+03 2.000000000000000000e+02 1.000000000000000000e+01 2.786399999999992438e+00
1.804000000000000000e+03 2.010000000000000000e+02 9.950248756218904589e+00 2.805457499999992610e+00
1.803000000000000000e+03 2.020000000000000000e+02 9.900990099009900902e+00 2.788811999999992519e+00
1.801000000000000000e+03 2.040000000000000000e+02 9.803921568627451677e+00 2.787455999999992606e+00
1.802000000000000000e+03 2.030000000000000000e+02 9.852216748768473309e+00 2.814087499999992303e+00
1.806000000000000000e+03 1.990000000000000000e+02 1.005025125628140792e+01 2.772368499999992242e+00
1.803000000000000000e+03 2.020000000000000000e+02 9.900990099009900902e+00 2.691346999999993272e+00
1.806000000000000000e+03 1.990000000000000000e+02 1.005025125628140792e+01 2.702817999999993059e+00
1.801000000000000000e+03 2.030000000000000000e+02 9.852216748768473309e+00 2.737556499999992621e+00
1.805000000000000000e+03 2.000000000000000000e+02 1.000000000000000000e+01 2.751999999999992674e+00
1.804000000000000000e+03 2.010000000000000000e+02 9.950248756218904589e+00 2.617622999999993372e+00
1.807000000000000000e+03 1.980000000000000000e+02 1.010101010101010033e+01 2.551427999999993812e+00
1.806000000000000000e+03 1.990000000000000000e+02 1.005025125628140792e+01 2.719036499999992973e+00
1.809000000000000000e+03 1.960000000000000000e+02 1.020408163265306101e+01 2.692745999999992979e+00
1.806000000000000000e+03 1.990000000000000000e+02 1.005025125628140792e+01 2.627098499999993120e+00
1.804000000000000000e+03 2.010000000000000000e+02 9.950248756218904589e+00 2.718022499999992903e+00
1.806000000000000000e+03 1.990000000000000000e+02 1.005025125628140792e+01 2.714558999999992839e+00
1.803000000000000000e+03 2.020000000000000000e+02 9.900990099009900902e+00 2.571863999999992600e+00
1.809000000000000000e+03 1.960000000000000000e+02 1.020408163265306101e+01 2.763011999999993140e+00
1.808000000000000000e+03 1.970000000000000000e+02 1.015228426395939110e+01 2.791391499999992476e+00
1.811000000000000000e+03 1.940000000000000000e+02 1.030927835051546460e+01 2.799128999999993095e+00
1.808000000000000000e+03 1.970000000000000000e+02 1.015228426395939110e+01 2.623251999999992812e+00
1.812000000000000000e+03 1.930000000000000000e+02 1.036269430051813423e+01 2.654521999999993387e+00
1.811000000000000000e+03 1.940000000000000000e+02 1.030927835051546460e+01 2.879153999999993108e+00
1.809000000000000000e+03 1.960000000000000000e+02 1.020408163265306101e+01 2.851505999999992991e+00
1.808000000000000000e+03 1.960000000000000000e+02 1.020408163265306101e+01 2.750565999999993405e+00
1.814000000000000000e+03 1.910000000000000000e+02 1.047120418848167489e+01 2.904345999999993655e+00
1.812000000000000000e+03 1.930000000000000000e+02 1.036269430051813423e+01 2.917870499999993150e+00
1.810000000000000000e+03 1.950000000000000000e+02 1.025641025641025728e+01 2.934164999999993029e+00
1.812000000000000000e+03 1.930000000000000000e+02 1.036269430051813423e+01 2.827546499999993301e+00
1.814000000000000000e+03 1.910000000000000000e+02 1.047120418848167489e+01 2.904345999999993655e+00
1.809000000000000000e+03 1.960000000000000000e+02 1.020408163265306101e+01 2.873163999999992502e+00
1.812000000000000000e+03 1.930000000000000000e+02 1.036269430051813423e+01 2.848776499999994272e+00
1.808000000000000000e+03 1.960000000000000000e+02 1.020408163265306101e+01 2.754779999999993567e+00
1.806000000000000000e+03 1.990000000000000000e+02 1.005025125628140792e+01 2.673564999999992864e+00
1.812000000000000000e+03 1.920000000000000000e+02 1.041666666666666607e+01 2.788991999999993254e+00
1.813000000000000000e+03 1.920000000000000000e+02 1.041666666666666607e+01 2.846879999999993860e+00
1.814000000000000000e+03 1.910000000000000000e+02 1.047120418848167489e+01 2.762910499999993608e+00
1.812000000000000000e+03 1.930000000000000000e+02 1.036269430051813423e+01 2.768198999999993415e+00
1.813000000000000000e+03 1.920000000000000000e+02 1.041666666666666607e+01 2.889503999999993855e+00
1.812000000000000000e+03 1.930000000000000000e+02 1.036269430051813423e+01 2.890078499999993777e+00
1.811000000000000000e+03 1.930000000000000000e+02 1.036269430051813423e+01 2.927327499999993865e+00
1.815000000000000000e+03 1.900000000000000000e+02 1.052631578947368496e+01 2.829764999999993424e+00
1.812000000000000000e+03 1.930000000000000000e+02 1.036269430051813423e+01 2.848293999999993442e+00
1.810000000000000000e+03 1.950000000000000000e+02 1.025641025641025728e+01 2.780699999999992844e+00
1.814000000000000000e+03 1.910000000000000000e+02 1.047120418848167489e+01 2.853062499999993840e+00
1.817000000000000000e+03 1.880000000000000000e+02 1.063829787234042534e+01 2.911273999999993922e+00
1.815000000000000000e+03 1.900000000000000000e+02 1.052631578947368496e+01 2.904244999999993304e+00
1.813000000000000000e+03 1.920000000000000000e+02 1.041666666666666607e+01 2.870687999999994133e+00
1.816000000000000000e+03 1.890000000000000000e+02 1.058201058201058231e+01 2.924869499999994016e+00
1.814000000000000000e+03 1.910000000000000000e+02 1.047120418848167489e+01 2.903772999999994386e+00
1.812000000000000000e+03 1.930000000000000000e+02 1.036269430051813423e+01 2.790586999999993711e+00
1.815000000000000000e+03 1.900000000000000000e+02 1.052631578947368496e+01 2.894649999999993284e+00
1.811000000000000000e+03 1.930000000000000000e+02 1.036269430051813423e+01 2.844144499999993858e+00
1.810000000000000000e+03 1.940000000000000000e+02 1.030927835051546460e+01 2.805724999999993141e+00
1.812000000000000000e+03 1.920000000000000000e+02 1.041666666666666607e+01 2.819519999999994031e+00
1.810000000000000000e+03 1.940000000000000000e+02 1.030927835051546460e+01 2.631900999999993385e+00
1.813000000000000000e+03 1.910000000000000000e+02 1.047120418848167489e+01 2.884863999999994100e+00
1.815000000000000000e+03 1.890000000000000000e+02 1.058201058201058231e+01 2.802113999999994221e+00
1.812000000000000000e+03 1.920000000000000000e+02 1.041666666666666607e+01 2.746655999999993991e+00
1.816000000000000000e+03 1.880000000000000000e+02 1.063829787234042534e+01 2.903189999999993720e+00
1.818000000000000000e+03 1.860000000000000000e+02 1.075268817204301008e+01 2.874350999999994105e+00
1.815000000000000000e+03 1.890000000000000000e+02 1.058201058201058231e+01 2.890754999999994190e+00
1.816000000000000000e+03 1.880000000000000000e+02 1.063829787234042534e+01 2.846413999999994004e+00
1.809000000000000000e+03 1.940000000000000000e+02 1.030927835051546460e+01 2.545570999999994033e+00
1.814000000000000000e+03 1.900000000000000000e+02 1.052631578947368496e+01 2.799934999999994290e+00
1.816000000000000000e+03 1.880000000000000000e+02 1.063829787234042534e+01 2.754575999999994362e+00
1.812000000000000000e+03 1.920000000000000000e+02 1.041666666666666607e+01 2.771807999999994276e+00
1.817000000000000000e+03 1.870000000000000000e+02 1.069518716577540118e+01 2.691677999999994686e+00
1.815000000000000000e+03 1.890000000000000000e+02 1.058201058201058231e+01 2.673688499999994139e+00
1.817000000000000000e+03 1.870000000000000000e+02 1.069518716577540118e+01 2.720943499999994408e+00
1.816000000000000000e+03 1.880000000000000000e+02 1.063829787234042534e+01 2.683041999999994154e+00
1.817000000000000000e+03 1.870000000000000000e+02 1.069518716577540118e+01 2.739362999999994663e+00
1.816000000000000000e+03 1.880000000000000000e+02 1.063829787234042534e+01 2.601355999999993784e+00
1.815000000000000000e+03 1.890000000000000000e+02 1.058201058201058231e+01 2.748059999999993952e+00
1.819000000000000000e+03 1.860000000000000000e+02 1.075268817204301008e+01 2.762750999999994406e+00
1.817000000000000000e+03 1.880000000000000000e+02 1.063829787234042534e+01 2.762753999999994381e+00
1.819000000000000000e+03 1.860000000000000000e+02 1.075268817204301008e+01 2.754566999999993993e+00
1.818000000000000000e+03 1.870000000000000000e+02 1.069518716577540118e+01 2.740858999999994161e+00
1.819000000000000000e+03 1.860000000000000000e+02 1.075268817204301008e+01 2.786930999999994274e+00
1.817000000000000000e+03 1.880000000000000000e+02 1.063829787234042534e+01 2.526061999999994256e+00
1.822000000000000000e+03 1.830000000000000000e+02 1.092896174863387948e+01 2.772266999999994486e+00
1.820000000000000000e+03 1.850000000000000000e+02 1.081081081081081052e+01 2.764824999999994315e+00
1.817000000000000000e+03 1.880000000000000000e+02 1.063829787234042534e+01 2.761719999999993735e+00
1.820000000000000000e+03 1.850000000000000000e+02 1.081081081081081052e+01 2.757517499999994293e+00
1.821000000000000000e+03 1.840000000000000000e+02 1.086956521739130466e+01 2.725315999999994077e+00
1.823000000000000000e+03 1.820000000000000000e+02 1.098901098901098905e+01 2.744832999999994527e+00
1.822000000000000000e+03 1.830000000000000000e+02 1.092896174863387948e+01 2.686439999999994388e+00
1.821000000000000000e+03 1.840000000000000000e+02 1.086956521739130466e+01 2.569467999999994756e+00
1.820000000000000000e+03 1.850000000000000000e+02 1.081081081081081052e+01 2.597769999999994361e+00
1.822000000000000000e+03 1.830000000000000000e+02 1.092896174863387948e+01 2.711419499999994542e+00
1.824000000000000000e+03 1.810000000000000000e+02 1.104972375690607755e+01 2.719434499999994870e+00
1.822000000000000000e+03 1.830000000000000000e+02 1.092896174863387948e+01 2.703001499999994728e+00
1.817000000000000000e+03 1.880000000000000000e+02 1.063829787234042534e+01 2.539409999999995282e+00
1.820000000000000000e+03 1.850000000000000000e+02 1.081081081081081052e+01 2.708122499999994659e+00
1.821000000000000000e+03 1.840000000000000000e+02 1.086956521739130466e+01 2.731571999999994116e+00
1.820000000000000000e+03 1.850000000000000000e+02 1.081081081081081052e+01 2.701832499999994308e+00
1.821000000000000000e+03 1.840000000000000000e+02 1.086956521739130466e+01 2.707283999999993807e+00
1.820000000000000000e+03 1.850000000000000000e+02 1.081081081081081052e+01 2.693507499999994170e+00
1.823000000000000000e+03 1.820000000000000000e+02 1.098901098901098905e+01 2.715894999999993953e+00
1.821000000000000000e+03 1.840000000000000000e+02 1.086956521739130466e+01 2.727707999999994026e+00
1.822000000000000000e+03 1.830000000000000000e+02 1.092896174863387948e+01 2.676557999999994664e+00
1.823000000000000000e+03 1.820000000000000000e+02 1.098901098901098905e+01 2.715621999999993985e+00
1.825000000000000000e+03 1.800000000000000000e+02 1.111111111111111072e+01 2.694509999999994854e+00
1.827000000000000000e+03 1.780000000000000000e+02 1.123595505617977608e+01 2.687710999999994410e+00
1.825000000000000000e+03 1.800000000000000000e+02 1.111111111111111072e+01 2.690549999999994668e+00
1.821000000000000000e+03 1.840000000000000000e+02 1.086956521739130466e+01 2.710411999999994048e+00
1.819000000000000000e+03 1.860000000000000000e+02 1.075268817204301008e+01 2.460500999999994054e+00
1.821000000000000000e+03 1.840000000000000000e+02 1.086956521739130466e+01 2.605715999999993926e+00
1.823000000000000000e+03 1.820000000000000000e+02 1.098901098901098905e+01 2.554460999999994097e+00
1.824000000000000000e+03 1.810000000000000000e+02 1.104972375690607755e+01 2.535085999999994399e+00
1.825000000000000000e+03 1.800000000000000000e+02 1.111111111111111072e+01 2.552039999999994091e+00
1.827000000000000000e+03 1.780000000000000000e+02 1.123595505617977608e+01 2.539347999999994165e+00
1.822000000000000000e+03 1.830000000000000000e+02 1.092896174863387948e+01 2.491544999999994570e+00
1.825000000000000000e+03 1.800000000000000000e+02 1.111111111111111072e+01 2.500919999999994481e+00
1.820000000000000000e+03 1.850000000000000000e+02 1.081081081081081052e+01 2.578992499999993804e+00
1.823000000000000000e+03 1.820000000000000000e+02 1.098901098901098905e+01 2.567018999999993945e+00
1.825000000000000000e+03 1.800000000000000000e+02 1.111111111111111072e+01 2.481389999999994433e+00
1.828000000000000000e+03 1.770000000000000000e+02 1.129943502824858825e+01 2.565349499999994176e+00
1.827000000000000000e+03 1.780000000000000000e+02 1.123595505617977608e+01 2.565157999999994498e+00
1.825000000000000000e+03 1.800000000000000000e+02 1.111111111111111072e+01 2.572469999999994705e+00
1.827000000000000000e+03 1.780000000000000000e+02 1.123595505617977608e+01 2.560529999999994644e+00
1.826000000000000000e+03 1.780000000000000000e+02 1.123595505617977608e+01 2.540771999999994257e+00
1.827000000000000000e+03 1.780000000000000000e+02 1.123595505617977608e+01 2.527955999999994763e+00
1.826000000000000000e+03 1.790000000000000000e+02 1.117318435754189920e+01 2.583864999999994527e+00
1.825000000000000000e+03 1.790000000000000000e+02 1.117318435754189920e+01 2.586281499999994349e+00
1.828000000000000000e+03 1.770000000000000000e+02 1.129943502824858825e+01 2.579066999999994003e+00
1.827000000000000000e+03 1.780000000000000000e+02 1.123595505617977608e+01 2.495025999999994859e+00
1.832000000000000000e+03 1.730000000000000000e+02 1.156069364161849755e+01 2.528048999999994439e+00
1.828000000000000000e+03 1.770000000000000000e+02 1.129943502824858825e+01 2.556853499999994561e+00
1.831000000000000000e+03 1.730000000000000000e+02 1.156069364161849755e+01 2.528048999999994439e+00
1.832000000000000000e+03 1.730000000000000000e+02 1.156069364161849755e+01 2.528048999999994439e+00
1.829000000000000000e+03 1.750000000000000000e+02 1.142857142857142883e+01 2.515712499999994911e+00
1.830000000000000000e+03 1.740000000000000000e+02 1.149425287356321768e+01 2.500640999999995007e+00
1.825000000000000000e+03 1.770000000000000000e+02 1.129943502824858825e+01 2.494283999999994617e+00
1.828000000000000000e+03 1.760000000000000000e+02 1.136363636363636331e+01 2.506415999999994870e+00
1.829000000000000000e+03 1.750000000000000000e+02 1.142857142857142883e+01 2.463824999999994603e+00
1.826000000000000000e+03 1.780000000000000000e+02 1.123595505617977608e+01 2.432636999999995275e+00
1.830000000000000000e+03 1.750000000000000000e+02 1.142857142857142883e+01 2.505999999999994898e+00
1.833000000000000000e+03 1.720000000000000000e+02 1.162790697674418539e+01 2.495117999999995284e+00
1.832000000000000000e+03 1.730000000000000000e+02 1.156069364161849755e+01 2.507029499999994915e+00
1.829000000000000000e+03 1.750000000000000000e+02 1.142857142857142883e+01 2.487187499999994778e+00
1.830000000000000000e+03 1.740000000000000000e+02 1.149425287356321768e+01 2.509949999999995018e+00
1.827000000000000000e+03 1.770000000000000000e+02 1.129943502824858825e+01 2.464901999999995041e+00
1.830000000000000000e+03 1.730000000000000000e+02 1.156069364161849755e+01 2.511527499999994806e+00
1.826000000000000000e+03 1.780000000000000000e+02 1.123595505617977608e+01 2.522882999999994436e+00
1.830000000000000000e+03 1.740000000000000000e+02 1.149425287356321768e+01 2.464448999999995227e+00
1.829000000000000000e+03 1.750000000000000000e+02 1.142857142857142883e+01 2.471699999999994901e+00
1.826000000000000000e+03 1.780000000000000000e+02 1.123595505617977608e+01 2.432280999999994808e+00
1.829000000000000000e+03 1.750000000000000000e+02 1.142857142857142883e+01 2.565324999999994304e+00
1.830000000000000000e+03 1.740000000000000000e+02 1.149425287356321768e+01 2.542226999999994685e+00
1.831000000000000000e+03 1.730000000000000000e+02 1.156069364161849755e+01 2.544570499999994073e+00
1.832000000000000000e+03 1.720000000000000000e+02 1.162790697674418539e+01 2.533387999999994644e+00
1.834000000000000000e+03 1.700000000000000000e+02 1.176470588235294201e+01 2.505289999999994688e+00
1.833000000000000000e+03 1.710000000000000000e+02 1.169590643274853825e+01 2.520710999999994595e+00
1.834000000000000000e+03 1.700000000000000000e+02 1.176470588235294201e+01 2.468994999999994722e+00
1.831000000000000000e+03 1.730000000000000000e+02 1.156069364161849755e+01 2.509710999999994474e+00
1.830000000000000000e+03 1.740000000000000000e+02 1.149425287356321768e+01 2.544314999999994775e+00
1.832000000000000000e+03 1.720000000000000000e+02 1.162790697674418539e+01 2.508017999999995418e+00
1.833000000000000000e+03 1.710000000000000000e+02 1.169590643274853825e+01 2.504722499999994412e+00
1.832000000000000000e+03 1.720000000000000000e+02 1.162790697674418539e+01 2.519627999999994650e+00
1.833000000000000000e+03 1.710000000000000000e+02 1.169590643274853825e+01 2.501387999999995060e+00
1.832000000000000000e+03 1.720000000000000000e+02 1.162790697674418539e+01 2.519197999999994497e+00
1.831000000000000000e+03 1.730000000000000000e+02 1.156069364161849755e+01 2.494486999999994570e+00
1.833000000000000000e+03 1.710000000000000000e+02 1.169590643274853825e+01 2.504978999999994738e+00
1.834000000000000000e+03 1.700000000000000000e+02 1.176470588235294201e+01 2.496874999999994404e+00
1.836000000000000000e+03 1.680000000000000000e+02 1.190476190476190510e+01 2.470019999999994553e+00
1.837000000000000000e+03 1.670000000000000000e+02 1.197604790419161702e+01 2.457655499999994664e+00
1.836000000000000000e+03 1.680000000000000000e+02 1.190476190476190510e+01 2.476571999999994222e+00
1.833000000000000000e+03 1.710000000000000000e+02 1.169590643274853825e+01 2.518402499999994326e+00
1.832000000000000000e+03 1.720000000000000000e+02 1.162790697674418539e+01 2.500019999999993914e+00
1.834000000000000000e+03 1.700000000000000000e+02 1.176470588235294201e+01 2.450039999999994222e+00
1.833000000000000000e+03 1.710000000000000000e+02 1.169590643274853825e+01 2.443504499999994195e+00
1.835000000000000000e+03 1.690000000000000000e+02 1.183431952662721898e+01 2.449063499999994065e+00
1.834000000000000000e+03 1.700000000000000000e+02 1.176470588235294201e+01 2.449699999999994215e+00
1.836000000000000000e+03 1.680000000000000000e+02 1.190476190476190510e+01 2.464223999999993975e+00
1.838000000000000000e+03 1.660000000000000000e+02 1.204819277108433795e+01 2.453811999999994331e+00
1.835000000000000000e+03 1.680000000000000000e+02 1.190476190476190510e+01 2.396603999999994183e+00
1.836000000000000000e+03 1.680000000000000000e+02 1.190476190476190510e+01 2.481527999999994183e+00
1.839000000000000000e+03 1.650000000000000000e+02 1.212121212121212110e+01 2.491582499999994926e+00
1.834000000000000000e+03 1.690000000000000000e+02 1.183431952662721898e+01 2.517254999999993803e+00
1.836000000000000000e+03 1.680000000000000000e+02 1.190476190476190510e+01 2.484719999999994045e+00
1.834000000000000000e+03 1.700000000000000000e+02 1.176470588235294201e+01 2.525009999999993315e+00
1.838000000000000000e+03 1.660000000000000000e+02 1.204819277108433795e+01 2.468253999999994619e+00
1.840000000000000000e+03 1.640000000000000000e+02 1.219512195121951237e+01 2.477465999999994395e+00
1.838000000000000000e+03 1.660000000000000000e+02 1.204819277108433795e+01 2.451985999999994892e+00
1.835000000000000000e+03 1.690000000000000000e+02 1.183431952662721898e+01 2.461315999999994730e+00
1.838000000000000000e+03 1.660000000000000000e+02 1.204819277108433795e+01 2.496141999999994088e+00
1.836000000000000000e+03 1.680000000000000000e+02 1.190476190476190510e+01 2.495723999999994280e+00
1.839000000000000000e+03 1.650000000000000000e+02 1.212121212121212110e+01 2.471947499999994413e+00
1.840000000000000000e+03 1.640000000000000000e+02 1.219512195121951237e+01 2.449749999999994543e+00
1.834000000000000000e+03 1.700000000000000000e+02 1.176470588235294201e+01 2.227339999999994546e+00
1.839000000000000000e+03 1.650000000000000000e+02 1.212121212121212110e+01 2.460314999999995145e+00
1.837000000000000000e+03 1.670000000000000000e+02 1.197604790419161702e+01 2.478112999999994237e+00
1.834000000000000000e+03 1.700000000000000000e+02 1.176470588235294201e+01 2.365209999999994928e+00
1.838000000000000000e+03 1.660000000000000000e+02 1.204819277108433795e+01 2.507429999999994497e+00
1.837000000000000000e+03 1.660000000000000000e+02 1.204819277108433795e+01 2.462028999999995360e+00
1.838000000000000000e+03 1.660000000000000000e+02 1.204819277108433795e+01 2.484853999999994567e+00
1.840000000000000000e+03 1.640000000000000000e+02 1.219512195121951237e+01 2.502803999999995366e+00
1.841000000000000000e+03 1.630000000000000000e+02 1.226993865030674868e+01 2.490476999999994945e+00
1.839000000000000000e+03 1.650000000000000000e+02 1.212121212121212110e+01 2.457014999999994842e+00
1.840000000000000000e+03 1.640000000000000000e+02 1.219512195121951237e+01 2.435645999999995315e+00
1.836000000000000000e+03 1.680000000000000000e+02 1.190476190476190510e+01 2.463551999999994635e+00
1.837000000000000000e+03 1.670000000000000000e+02 1.197604790419161702e+01 2.479198499999994976e+00
1.839000000000000000e+03 1.650000000000000000e+02 1.212121212121212110e+01 2.425417499999995119e+00
1.837000000000000000e+03 1.670000000000000000e+02 1.197604790419161702e+01 2.398119999999995144e+00
1.840000000000000000e+03 1.640000000000000000e+02 1.219512195121951237e+01 2.414899999999995384e+00
1.837000000000000000e+03 1.660000000000000000e+02 1.204819277108433795e+01 2.441693999999995146e+00
1.840000000000000000e+03 1.640000000000000000e+02 1.219512195121951237e+01 2.415063999999995215e+00
1.841000000000000000e+03 1.630000000000000000e+02 1.226993865030674868e+01 2.417778999999995015e+00
1.842000000000000000e+03 1.620000000000000000e+02 1.234567901234567877e+01 2.458754999999995139e+00
1.840000000000000000e+03 1.640000000000000000e+02 1.219512195121951237e+01 2.482057999999994991e+00
1.837000000000000000e+03 1.670000000000000000e+02 1.197604790419161702e+01 2.509425499999994535e+00
1.840000000000000000e+03 1.640000000000000000e+02 1.219512195121951237e+01 2.438023999999994640e+00
1.843000000000000000e+03 1.610000000000000000e+02 1.242236024844720532e+01 2.416287999999994440e+00
1.844000000000000000e+03 1.600000000000000000e+02 1.250000000000000000e+01 2.622480000000007916e+00
1.845000000000000000e+03 1.590000000000000000e+02 1.257861635220125862e+01 2.612211000000008276e+00
1.844000000000000000e+03 1.600000000000000000e+02 1.250000000000000000e+01 2.422719999999995544e+00
1.845000000000000000e+03 1.590000000000000000e+02 1.257861635220125862e+01 2.590666500000007311e+00
1.844000000000000000e+03 1.600000000000000000e+02 1.250000000000000000e+01 2.579760000000005604e+00
1.842000000000000000e+03 1.620000000000000000e+02 1.234567901234567877e+01 2.435507999999995121e+00
1.841000000000000000e+03 1.630000000000000000e+02 1.226993865030674868e+01 2.583060999999995389e+00
1.843000000000000000e+03 1.610000000000000000e+02 1.242236024844720532e+01 2.641527000000008396e+00
1.844000000000000000e+03 1.600000000000000000e+02 1.250000000000000000e+01 2.639120000000008126e+00
1.842000000000000000e+03 1.620000000000000000e+02 1.234567901234567877e+01 2.599209000000002323e+00
1.846000000000000000e+03 1.580000000000000000e+02 1.265822784810126578e+01 2.619324000000008201e+00
1.844000000000000000e+03 1.600000000000000000e+02 1.250000000000000000e+01 2.640480000000008154e+00
1.846000000000000000e+03 1.570000000000000000e+02 1.273885350318471410e+01 2.636344000000008680e+00
1.848000000000000000e+03 1.560000000000000000e+02 1.282051282051282115e+01 2.627976000000008749e+00
1.845000000000000000e+03 1.590000000000000000e+02 1.257861635220125862e+01 2.544794999999998364e+00
1.847000000000000000e+03 1.570000000000000000e+02 1.273885350318471410e+01 2.562083000000006994e+00
1.844000000000000000e+03 1.600000000000000000e+02 1.250000000000000000e+01 2.482159999999995481e+00
1.846000000000000000e+03 1.570000000000000000e+02 1.273885350318471410e+01 2.562083000000006994e+00
1.845000000000000000e+03 1.590000000000000000e+02 1.257861635220125862e+01 2.588440500000007471e+00
1.846000000000000000e+03 1.580000000000000000e+02 1.265822784810126578e+01 2.576980000000006932e+00
1.847000000000000000e+03 1.570000000000000000e+02 1.273885350318471410e+01 2.562083000000006994e+00
1.845000000000000000e+03 1.590000000000000000e+02 1.257861635220125862e+01 2.540342999999995577e+00
1.846000000000000000e+03 1.580000000000000000e+02 1.265822784810126578e+01 2.527525999999995499e+00
1.844000000000000000e+03 1.600000000000000000e+02 1.250000000000000000e+01 2.601520000000007382e+00
1.843000000000000000e+03 1.610000000000000000e+02 1.242236024844720532e+01 2.446958499999995151e+00
1.846000000000000000e+03 1.580000000000000000e+02 1.265822784810126578e+01 2.559442000000007766e+00
1.845000000000000000e+03 1.600000000000000000e+02 1.250000000000000000e+01 2.513279999999995074e+00
1.842000000000000000e+03 1.630000000000000000e+02 1.226993865030674868e+01 2.606125499999995210e+00
1.844000000000000000e+03 1.610000000000000000e+02 1.242236024844720532e+01 2.595964000000007044e+00
1.842000000000000000e+03 1.630000000000000000e+02 1.226993865030674868e+01 2.618106000000005817e+00
1.845000000000000000e+03 1.600000000000000000e+02 1.250000000000000000e+01 2.587040000000008000e+00
1.848000000000000000e+03 1.570000000000000000e+02 1.273885350318471410e+01 2.573387000000008307e+00
1.847000000000000000e+03 1.580000000000000000e+02 1.265822784810126578e+01 2.632201000000009117e+00
1.846000000000000000e+03 1.590000000000000000e+02 1.257861635220125862e+01 2.464102499999994755e+00
1.842000000000000000e+03 1.630000000000000000e+02 1.226993865030674868e+01 2.468553499999994738e+00
1.847000000000000000e+03 1.580000000000000000e+02 1.265822784810126578e+01 2.450658999999995480e+00
1.843000000000000000e+03 1.620000000000000000e+02 1.234567901234567877e+01 2.648052000000009176e+00
1.848000000000000000e+03 1.570000000000000000e+02 1.273885350318471410e+01 2.614128500000009403e+00
1.842000000000000000e+03 1.630000000000000000e+02 1.226993865030674868e+01 2.391372999999994864e+00
1.841000000000000000e+03 1.640000000000000000e+02 1.219512195121951237e+01 2.490339999999995335e+00
1.844000000000000000e+03 1.610000000000000000e+02 1.242236024844720532e+01 2.469820499999995089e+00
1.846000000000000000e+03 1.590000000000000000e+02 1.257861635220125862e+01 2.404318499999995140e+00
1.845000000000000000e+03 1.600000000000000000e+02 1.250000000000000000e+01 2.411279999999995205e+00
1.844000000000000000e+03 1.610000000000000000e+02 1.242236024844720532e+01 2.307290999999995318e+00
1.845000000000000000e+03 1.600000000000000000e+02 1.250000000000000000e+01 2.299119999999995390e+00
1.844000000000000000e+03 1.600000000000000000e+02 1.250000000000000000e+01 2.273919999999995500e+00
1.845000000000000000e+03 1.600000000000000000e+02 1.250000000000000000e+01 2.273119999999995589e+00
1.844000000000000000e+03 1.610000000000000000e+02 1.242236024844720532e+01 2.210288499999995437e+00
1.847000000000000000e+03 1.580000000000000000e+02 1.265822784810126578e+01 2.398281999999996028e+00
1.846000000000000000e+03 1.590000000000000000e+02 1.257861635220125862e+01 2.407895999999995151e+00
1.847000000000000000e+03 1.580000000000000000e+02 1.265822784810126578e+01 2.441336999999995871e+00
1.846000000000000000e+03 1.590000000000000000e+02 1.257861635220125862e+01 2.456311499999995984e+00
1.849000000000000000e+03 1.560000000000000000e+02 1.282051282051282115e+01 2.427983999999995479e+00
1.845000000000000000e+03 1.600000000000000000e+02 1.250000000000000000e+01 2.441519999999995250e+00
1.846000000000000000e+03 1.580000000000000000e+02 1.265822784810126578e+01 2.438650999999995683e+00
1.845000000000000000e+03 1.590000000000000000e+02 1.257861635220125862e+01 2.448917999999995043e+00
1.849000000000000000e+03 1.560000000000000000e+02 1.282051282051282115e+01 2.417999999999995264e+00
1.846000000000000000e+03 1.590000000000000000e+02 1.257861635220125862e+01 2.442160499999995515e+00
1.845000000000000000e+03 1.590000000000000000e+02 1.257861635220125862e+01 2.325692999999995791e+00
1.846000000000000000e+03 1.590000000000000000e+02 1.257861635220125862e+01 2.299219499999995975e+00
1.845000000000000000e+03 1.600000000000000000e+02 1.250000000000000000e+01 2.319839999999996127e+00
1.846000000000000000e+03 1.590000000000000000e+02 1.257861635220125862e+01 2.314642499999995717e+00
1.847000000000000000e+03 1.580000000000000000e+02 1.265822784810126578e+01 2.316279999999995898e+00
1.846000000000000000e+03 1.590000000000000000e+02 1.257861635220125862e+01 2.314721999999995727e+00
1.844000000000000000e+03 1.610000000000000000e+02 1.242236024844720532e+01 2.336029499999995540e+00
1.846000000000000000e+03 1.590000000000000000e+02 1.257861635220125862e+01 2.270519999999995431e+00
1.848000000000000000e+03 1.570000000000000000e+02 1.273885350318471410e+01 2.289687999999995505e+00
1.845000000000000000e+03 1.590000000000000000e+02 1.257861635220125862e+01 2.320922999999995628e+00
1.848000000000000000e+03 1.560000000000000000e+02 1.282051282051282115e+01 2.310203999999995705e+00
1.847000000000000000e+03 1.570000000000000000e+02 1.273885350318471410e+01 2.308449499999995602e+00
1.848000000000000000e+03 1.560000000000000000e+02 1.282051282051282115e+01 2.305757999999995977e+00
1.849000000000000000e+03 1.550000000000000000e+02 1.290322580645161210e+01 2.281134999999995916e+00
1.848000000000000000e+03 1.560000000000000000e+02 1.282051282051282115e+01 2.310203999999995705e+00
1.847000000000000000e+03 1.570000000000000000e+02 1.273885350318471410e+01 2.318183499999995512e+00
1.851000000000000000e+03 1.530000000000000000e+02 1.307189542483660105e+01 2.347325999999995805e+00
